record_id,department,defect_type,corridor_id,severity,days_overdue,asset_age_years,days_since_last_inspection,previous_failure_count,traffic_density_rank,corridor_utilization_pct,maintenance_duration_mins,weather_risk_factor,failure_risk_probability,failure_risk_class,dataset_type
RS-ML-10000,SMMS,POINT_MACHINE_FAILURE,CNB-MGS-01,4,0.3,5.7,55,2,4,41.9,45,0.25,0.4109,HIGH,RailSync synthetic prototype training data
RS-ML-10001,TMS,DRAINAGE_CLEARANCE,HWH-MGS-03,1,0.0,22.6,6,3,4,59.9,60,0.24,0.2929,MEDIUM,RailSync synthetic prototype training data
RS-ML-10002,TDMS,CANTILEVER_INSULATOR_FLASH,NDLS-HWH-01,2,4.6,14.0,179,2,5,47.3,180,0.12,0.4131,HIGH,RailSync synthetic prototype training data
RS-ML-10003,TDMS,CONTACT_WIRE_WEAR,NDLS-CNB-07,3,6.8,2.2,119,3,1,62.2,240,0.62,0.5136,HIGH,RailSync synthetic prototype training data
RS-ML-10004,TMS,FISHPLATE_CRACK,CNB-MGS-01,1,0.7,10.5,352,2,2,49.6,180,0.29,0.3571,MEDIUM,RailSync synthetic prototype training data
RS-ML-10005,TMS,FISHPLATE_CRACK,NDLS-HWH-01,1,0.0,1.7,164,1,5,91.3,150,0.24,0.2967,MEDIUM,RailSync synthetic prototype training data
RS-ML-10006,SMMS,POWER_SUPPLY_FLUCTUATION,NDLS-CNB-07,2,2.0,9.7,290,1,5,63.4,90,0.95,0.4663,HIGH,RailSync synthetic prototype training data
RS-ML-10007,TDMS,CANTILEVER_INSULATOR_FLASH,NDLS-CNB-07,3,0.0,30.2,219,1,5,98.3,120,0.92,0.5483,HIGH,RailSync synthetic prototype training data
RS-ML-10008,TDMS,OHE_DROPPER_SNAP,NDLS-HWH-01,5,0.0,20.6,139,3,3,65.4,240,0.05,0.5548,HIGH,RailSync synthetic prototype training data
RS-ML-10009,TDMS,PANTOGRAPH_ENTANGLEMENT_RISK,NDLS-HWH-01,5,0.0,11.7,330,1,3,84.6,30,0.59,0.5216,HIGH,RailSync synthetic prototype training data
RS-ML-10010,SMMS,INTERLOCKING_CIRCUIT_FAULT,CNB-MGS-01,5,0.0,31.7,160,0,5,95.4,45,0.71,0.6139,CRITICAL,RailSync synthetic prototype training data
RS-ML-10011,SMMS,AXLE_COUNTER_RESET,NDLS-CNB-07,3,1.9,36.0,87,0,2,94.3,90,0.69,0.3059,MEDIUM,RailSync synthetic prototype training data
RS-ML-10012,TMS,DRAINAGE_CLEARANCE,CNB-MGS-01,2,0.0,19.9,64,0,1,74.4,90,0.58,0.2823,MEDIUM,RailSync synthetic prototype training data
RS-ML-10013,TMS,TRACK_TWIST,NDLS-HWH-01,5,2.7,3.2,124,0,5,73.7,90,0.76,0.5645,CRITICAL,RailSync synthetic prototype training data
RS-ML-10014,TDMS,CATENARY_TENSION_LOW,NDLS-HWH-01,1,0.2,16.7,219,1,1,43.5,150,0.77,0.2501,MEDIUM,RailSync synthetic prototype training data
RS-ML-10015,SMMS,AXLE_COUNTER_RESET,HWH-MGS-03,1,2.8,17.8,41,1,1,78.2,30,0.92,0.2454,MEDIUM,RailSync synthetic prototype training data
RS-ML-10016,TDMS,CATENARY_TENSION_LOW,NDLS-CNB-07,2,0.0,18.6,208,4,1,97.6,120,0.88,0.4792,HIGH,RailSync synthetic prototype training data
RS-ML-10017,SMMS,DATA_LOGGER_FAIL,HWH-MGS-03,1,4.8,11.6,32,1,1,42.9,240,0.5,0.1661,LOW,RailSync synthetic prototype training data
RS-ML-10018,TDMS,PANTOGRAPH_ENTANGLEMENT_RISK,NDLS-HWH-01,5,0.0,3.5,98,0,2,63.6,90,0.57,0.4175,HIGH,RailSync synthetic prototype training data
RS-ML-10019,SMMS,EARTH_LEAKAGE,CNB-MGS-01,4,0.0,8.2,163,0,3,66.7,45,0.06,0.3895,HIGH,RailSync synthetic prototype training data
RS-ML-10020,SMMS,EARTH_LEAKAGE,NDLS-HWH-01,1,0.0,8.5,138,0,1,91.4,150,0.31,0.1418,LOW,RailSync synthetic prototype training data
RS-ML-10021,TMS,DRAINAGE_CLEARANCE,NDLS-HWH-01,3,1.1,21.3,342,0,1,83.4,60,0.3,0.4134,HIGH,RailSync synthetic prototype training data
RS-ML-10022,SMMS,RELAY_CHATTER,NDLS-CNB-07,3,6.6,32.5,261,1,1,77.1,120,0.09,0.4791,HIGH,RailSync synthetic prototype training data
RS-ML-10023,TDMS,PANTOGRAPH_ENTANGLEMENT_RISK,HWH-MGS-03,4,4.1,16.5,7,0,2,71.9,150,0.57,0.386,HIGH,RailSync synthetic prototype training data
RS-ML-10024,TMS,RAIL_CORRUGATION,NDLS-HWH-01,2,0.0,34.2,23,4,2,79.0,150,0.75,0.4486,HIGH,RailSync synthetic prototype training data
RS-ML-10025,SMMS,AXLE_COUNTER_RESET,NDLS-CNB-07,3,0.0,37.1,93,4,3,85.8,180,0.77,0.5168,HIGH,RailSync synthetic prototype training data
RS-ML-10026,TDMS,CATENARY_TENSION_LOW,CNB-MGS-01,1,0.9,26.8,198,4,4,60.5,90,0.25,0.4009,HIGH,RailSync synthetic prototype training data
RS-ML-10027,TMS,TRACK_TWIST,CNB-MGS-01,4,9.8,19.6,350,7,1,91.3,120,0.21,0.7518,CRITICAL,RailSync synthetic prototype training data
RS-ML-10028,TDMS,NEUTRAL_SECTION_ARCING,NDLS-HWH-01,1,0.4,16.8,163,1,5,51.1,30,0.69,0.3616,MEDIUM,RailSync synthetic prototype training data
RS-ML-10029,SMMS,SIGNAL_LAMP_FUSED,CNB-MGS-01,2,0.5,36.1,172,2,3,69.7,180,0.34,0.4,HIGH,RailSync synthetic prototype training data
RS-ML-10030,SMMS,DATA_LOGGER_FAIL,NDLS-CNB-07,1,3.3,25.4,197,2,3,63.8,30,0.32,0.3755,MEDIUM,RailSync synthetic prototype training data
RS-ML-10031,SMMS,RELAY_CHATTER,HWH-MGS-03,2,5.6,25.8,264,1,2,78.5,120,0.51,0.4943,HIGH,RailSync synthetic prototype training data
RS-ML-10032,SMMS,RELAY_CHATTER,NDLS-HWH-01,3,0.6,28.7,347,0,1,54.3,240,0.6,0.3717,MEDIUM,RailSync synthetic prototype training data
RS-ML-10033,TDMS,CATENARY_TENSION_LOW,HWH-MGS-03,2,6.9,9.6,338,2,1,85.5,90,0.21,0.4089,HIGH,RailSync synthetic prototype training data
RS-ML-10034,TDMS,ISOLATOR_SWITCH_JAM,HWH-MGS-03,1,3.9,9.8,65,1,5,74.8,240,0.6,0.2929,MEDIUM,RailSync synthetic prototype training data
RS-ML-10035,TDMS,ISOLATOR_SWITCH_JAM,HWH-MGS-03,3,6.4,28.4,246,1,3,84.8,240,0.61,0.5082,HIGH,RailSync synthetic prototype training data
RS-ML-10036,TMS,TRACK_TWIST,CNB-MGS-01,4,0.0,13.1,279,0,4,80.6,90,0.11,0.4561,HIGH,RailSync synthetic prototype training data
RS-ML-10037,TMS,SLEEPER_LOOSENING,HWH-MGS-03,2,3.0,29.4,359,0,4,40.3,150,0.32,0.4072,HIGH,RailSync synthetic prototype training data
RS-ML-10038,TMS,BALLAST_DEFICIENCY,NDLS-CNB-07,2,0.0,10.7,251,0,4,82.4,240,0.88,0.4316,HIGH,RailSync synthetic prototype training data
RS-ML-10039,TDMS,OHE_DROPPER_SNAP,NDLS-HWH-01,4,0.0,5.6,239,0,3,52.4,150,0.35,0.4069,HIGH,RailSync synthetic prototype training data
RS-ML-10040,TDMS,NEUTRAL_SECTION_ARCING,HWH-MGS-03,2,0.0,3.6,12,2,3,53.1,45,0.75,0.237,MEDIUM,RailSync synthetic prototype training data
RS-ML-10041,TDMS,CATENARY_TENSION_LOW,NDLS-HWH-01,3,0.9,9.4,245,2,3,84.9,60,0.6,0.4472,HIGH,RailSync synthetic prototype training data
RS-ML-10042,TDMS,CANTILEVER_INSULATOR_FLASH,NDLS-CNB-07,4,8.4,4.6,16,5,4,63.2,90,0.12,0.6106,CRITICAL,RailSync synthetic prototype training data
RS-ML-10043,TMS,GAUGE_CORRECTION,NDLS-HWH-01,3,1.6,21.7,24,0,5,77.9,30,0.81,0.3589,MEDIUM,RailSync synthetic prototype training data
RS-ML-10044,TDMS,CANTILEVER_INSULATOR_FLASH,HWH-MGS-03,4,4.6,24.3,238,2,3,76.0,240,0.47,0.6214,CRITICAL,RailSync synthetic prototype training data
RS-ML-10045,TMS,SLEEPER_LOOSENING,NDLS-HWH-01,2,1.4,17.4,240,1,4,89.8,60,0.49,0.4133,HIGH,RailSync synthetic prototype training data
RS-ML-10046,TMS,GAUGE_CORRECTION,CNB-MGS-01,2,0.7,22.9,144,1,2,82.1,240,0.55,0.3563,MEDIUM,RailSync synthetic prototype training data
RS-ML-10047,SMMS,POWER_SUPPLY_FLUCTUATION,NDLS-HWH-01,1,1.6,8.8,357,0,5,71.1,180,0.95,0.3742,MEDIUM,RailSync synthetic prototype training data
RS-ML-10048,SMMS,RELAY_CHATTER,HWH-MGS-03,2,0.0,9.9,64,2,5,95.6,60,0.22,0.3642,MEDIUM,RailSync synthetic prototype training data
RS-ML-10049,SMMS,DATA_LOGGER_FAIL,CNB-MGS-01,4,0.0,31.7,154,0,1,81.4,60,0.3,0.374,MEDIUM,RailSync synthetic prototype training data
RS-ML-10050,TDMS,ISOLATOR_SWITCH_JAM,CNB-MGS-01,3,0.0,5.2,254,0,3,67.5,240,0.36,0.3844,HIGH,RailSync synthetic prototype training data
RS-ML-10051,TDMS,CANTILEVER_INSULATOR_FLASH,NDLS-HWH-01,2,0.0,3.3,325,2,5,95.5,45,0.94,0.4667,HIGH,RailSync synthetic prototype training data
RS-ML-10052,TMS,BALLAST_DEFICIENCY,NDLS-CNB-07,3,2.0,14.8,229,0,5,76.3,45,0.9,0.5054,HIGH,RailSync synthetic prototype training data
RS-ML-10053,SMMS,AXLE_COUNTER_RESET,NDLS-CNB-07,1,2.2,3.3,4,1,1,53.5,120,0.68,0.1718,LOW,RailSync synthetic prototype training data
RS-ML-10054,SMMS,SIGNAL_LAMP_FUSED,CNB-MGS-01,3,0.0,23.9,341,3,1,71.9,60,0.87,0.5106,HIGH,RailSync synthetic prototype training data
RS-ML-10055,TMS,GAUGE_CORRECTION,CNB-MGS-01,2,2.4,18.1,158,2,4,65.6,30,0.85,0.4453,HIGH,RailSync synthetic prototype training data
RS-ML-10056,SMMS,EARTH_LEAKAGE,CNB-MGS-01,1,10.5,9.1,348,3,3,73.7,60,0.47,0.4748,HIGH,RailSync synthetic prototype training data
RS-ML-10057,TMS,TURNOUT_WEAR,HWH-MGS-03,3,1.4,18.9,49,1,1,90.2,150,0.42,0.3029,MEDIUM,RailSync synthetic prototype training data
RS-ML-10058,SMMS,CABLE_INSULATION_LOW,NDLS-HWH-01,2,7.0,12.3,168,0,1,78.5,240,0.42,0.3547,MEDIUM,RailSync synthetic prototype training data
RS-ML-10059,TDMS,FEEDER_BREAKER_TRIP,NDLS-HWH-01,1,0.5,21.1,150,1,5,86.8,60,0.33,0.3374,MEDIUM,RailSync synthetic prototype training data
RS-ML-10060,TMS,BALLAST_DEFICIENCY,NDLS-HWH-01,1,0.0,32.1,61,1,2,69.2,120,0.51,0.227,MEDIUM,RailSync synthetic prototype training data
RS-ML-10061,TDMS,CATENARY_TENSION_LOW,HWH-MGS-03,2,7.0,14.9,309,1,3,85.2,180,0.36,0.5131,HIGH,RailSync synthetic prototype training data
RS-ML-10062,TDMS,NEUTRAL_SECTION_ARCING,NDLS-HWH-01,2,7.0,11.7,303,1,4,71.5,150,0.35,0.461,HIGH,RailSync synthetic prototype training data
RS-ML-10063,TDMS,CATENARY_TENSION_LOW,NDLS-CNB-07,2,4.3,9.3,213,0,4,62.6,60,0.5,0.3369,MEDIUM,RailSync synthetic prototype training data
RS-ML-10064,TMS,SEJ_GAP_ABNORMAL,CNB-MGS-01,3,0.1,33.3,228,0,2,64.0,60,0.12,0.3915,HIGH,RailSync synthetic prototype training data
RS-ML-10065,SMMS,CABLE_INSULATION_LOW,NDLS-HWH-01,3,0.0,32.5,276,1,4,91.0,30,0.61,0.479,HIGH,RailSync synthetic prototype training data
RS-ML-10066,TMS,DRAINAGE_CLEARANCE,CNB-MGS-01,4,4.3,28.5,225,6,1,66.0,120,0.86,0.7687,CRITICAL,RailSync synthetic prototype training data
RS-ML-10067,TMS,FISHPLATE_CRACK,HWH-MGS-03,1,0.0,20.4,292,2,2,44.6,180,0.61,0.3458,MEDIUM,RailSync synthetic prototype training data
RS-ML-10068,TMS,TURNOUT_WEAR,NDLS-CNB-07,1,0.0,24.4,238,0,4,92.7,60,0.12,0.4019,HIGH,RailSync synthetic prototype training data
RS-ML-10069,TMS,BALLAST_DEFICIENCY,CNB-MGS-01,2,0.0,11.8,199,4,4,73.5,120,0.94,0.4997,HIGH,RailSync synthetic prototype training data
RS-ML-10070,TMS,DRAINAGE_CLEARANCE,HWH-MGS-03,2,8.5,21.7,354,3,4,88.7,120,0.75,0.6443,CRITICAL,RailSync synthetic prototype training data
RS-ML-10071,TMS,SLEEPER_LOOSENING,CNB-MGS-01,3,0.0,27.5,340,2,1,92.8,30,0.33,0.5372,HIGH,RailSync synthetic prototype training data
RS-ML-10072,TMS,TURNOUT_WEAR,CNB-MGS-01,3,0.8,3.9,154,0,5,91.3,150,0.53,0.4783,HIGH,RailSync synthetic prototype training data
RS-ML-10073,TMS,USFD_MICRO_CRACK,CNB-MGS-01,3,0.0,13.2,61,1,2,90.3,180,0.92,0.3541,MEDIUM,RailSync synthetic prototype training data
RS-ML-10074,TDMS,CONTACT_WIRE_WEAR,NDLS-HWH-01,3,0.0,1.0,277,0,3,74.2,150,0.15,0.3536,MEDIUM,RailSync synthetic prototype training data
RS-ML-10075,TDMS,ISOLATOR_SWITCH_JAM,CNB-MGS-01,4,4.2,8.8,35,2,4,46.8,30,0.9,0.496,HIGH,RailSync synthetic prototype training data
RS-ML-10076,TMS,USFD_MICRO_CRACK,NDLS-HWH-01,1,0.0,33.8,72,1,5,64.5,60,0.85,0.2833,MEDIUM,RailSync synthetic prototype training data
RS-ML-10077,SMMS,TRACK_CIRCUIT_DROP,NDLS-HWH-01,3,0.4,8.6,230,5,3,71.9,150,0.1,0.5208,HIGH,RailSync synthetic prototype training data
RS-ML-10078,TMS,TRACK_TWIST,HWH-MGS-03,3,0.0,8.5,330,1,3,54.2,60,0.76,0.4585,HIGH,RailSync synthetic prototype training data
RS-ML-10079,SMMS,EARTH_LEAKAGE,NDLS-CNB-07,3,1.1,9.2,78,3,2,97.8,120,0.77,0.5152,HIGH,RailSync synthetic prototype training data
RS-ML-10080,TMS,WELD_FRACTURE,NDLS-CNB-07,3,0.0,30.1,124,1,3,43.1,180,0.52,0.3878,HIGH,RailSync synthetic prototype training data
RS-ML-10081,TDMS,ISOLATOR_SWITCH_JAM,NDLS-HWH-01,2,7.1,8.8,317,0,5,57.6,30,0.1,0.3758,MEDIUM,RailSync synthetic prototype training data
RS-ML-10082,SMMS,CABLE_INSULATION_LOW,HWH-MGS-03,3,0.0,18.9,230,0,5,48.7,60,0.3,0.377,MEDIUM,RailSync synthetic prototype training data
RS-ML-10083,TMS,TURNOUT_WEAR,CNB-MGS-01,2,0.0,23.2,53,3,5,82.2,90,0.44,0.4066,HIGH,RailSync synthetic prototype training data
RS-ML-10084,TDMS,MAST_EARTHING_LOOSE,CNB-MGS-01,3,0.0,15.5,51,0,3,61.9,60,0.67,0.2773,MEDIUM,RailSync synthetic prototype training data
RS-ML-10085,TMS,BALLAST_DEFICIENCY,NDLS-HWH-01,3,2.9,14.5,69,1,3,79.2,180,0.37,0.4097,HIGH,RailSync synthetic prototype training data
RS-ML-10086,SMMS,CABLE_INSULATION_LOW,NDLS-HWH-01,4,0.6,23.0,183,0,4,53.1,45,0.37,0.4307,HIGH,RailSync synthetic prototype training data
RS-ML-10087,TMS,SLEEPER_LOOSENING,HWH-MGS-03,3,0.1,37.0,321,2,3,41.7,120,0.68,0.4981,HIGH,RailSync synthetic prototype training data
RS-ML-10088,TMS,FISHPLATE_CRACK,CNB-MGS-01,1,0.0,33.1,292,2,1,45.4,90,0.39,0.2995,MEDIUM,RailSync synthetic prototype training data
RS-ML-10089,TMS,FISHPLATE_CRACK,NDLS-HWH-01,3,0.0,6.3,319,0,4,78.7,240,0.6,0.4416,HIGH,RailSync synthetic prototype training data
RS-ML-10090,TMS,SLEEPER_LOOSENING,NDLS-HWH-01,2,3.9,4.7,350,2,1,52.9,30,0.06,0.3804,HIGH,RailSync synthetic prototype training data
RS-ML-10091,TMS,GAUGE_CORRECTION,CNB-MGS-01,2,0.0,0.8,223,0,2,69.3,150,0.11,0.3019,MEDIUM,RailSync synthetic prototype training data
RS-ML-10092,TDMS,OHE_DROPPER_SNAP,HWH-MGS-03,3,4.3,35.0,163,1,4,56.9,180,0.07,0.4265,HIGH,RailSync synthetic prototype training data
RS-ML-10093,SMMS,RELAY_CHATTER,NDLS-HWH-01,2,1.8,4.5,226,1,3,83.6,90,0.35,0.426,HIGH,RailSync synthetic prototype training data
RS-ML-10094,TMS,SEJ_GAP_ABNORMAL,NDLS-HWH-01,2,3.6,7.8,181,1,2,53.8,60,0.28,0.3573,MEDIUM,RailSync synthetic prototype training data
RS-ML-10095,TDMS,CANTILEVER_INSULATOR_FLASH,NDLS-CNB-07,4,2.1,24.0,240,3,5,77.6,150,0.83,0.6864,CRITICAL,RailSync synthetic prototype training data
RS-ML-10096,SMMS,AXLE_COUNTER_RESET,HWH-MGS-03,1,1.5,17.1,158,3,1,58.2,240,0.08,0.2751,MEDIUM,RailSync synthetic prototype training data
RS-ML-10097,SMMS,INTERLOCKING_CIRCUIT_FAULT,HWH-MGS-03,4,3.7,21.3,24,1,3,75.4,60,0.91,0.4902,HIGH,RailSync synthetic prototype training data
RS-ML-10098,SMMS,RELAY_CHATTER,NDLS-HWH-01,2,2.6,7.0,129,2,5,49.3,150,0.88,0.3756,MEDIUM,RailSync synthetic prototype training data
RS-ML-10099,SMMS,POINT_MACHINE_FAILURE,CNB-MGS-01,3,0.0,4.0,350,1,5,91.1,150,0.12,0.4957,HIGH,RailSync synthetic prototype training data
RS-ML-10100,SMMS,RELAY_CHATTER,CNB-MGS-01,4,0.3,26.7,203,0,5,62.0,150,0.78,0.4776,HIGH,RailSync synthetic prototype training data
RS-ML-10101,SMMS,DATA_LOGGER_FAIL,NDLS-HWH-01,3,0.0,16.4,188,0,2,60.0,240,0.22,0.2761,MEDIUM,RailSync synthetic prototype training data
RS-ML-10102,TDMS,PANTOGRAPH_ENTANGLEMENT_RISK,NDLS-HWH-01,4,7.5,30.1,262,3,1,78.7,60,0.59,0.668,CRITICAL,RailSync synthetic prototype training data
RS-ML-10103,SMMS,EARTH_LEAKAGE,NDLS-CNB-07,3,0.0,2.1,189,2,4,75.7,240,0.26,0.4614,HIGH,RailSync synthetic prototype training data
RS-ML-10104,TMS,USFD_MICRO_CRACK,NDLS-CNB-07,2,0.0,36.0,228,1,4,69.4,180,0.92,0.4714,HIGH,RailSync synthetic prototype training data
RS-ML-10105,TMS,GAUGE_CORRECTION,NDLS-HWH-01,3,2.5,33.3,286,5,1,56.7,60,0.3,0.5562,HIGH,RailSync synthetic prototype training data
RS-ML-10106,TDMS,PANTOGRAPH_ENTANGLEMENT_RISK,HWH-MGS-03,3,1.9,34.6,233,4,4,69.4,90,0.4,0.6222,CRITICAL,RailSync synthetic prototype training data
RS-ML-10107,TMS,TRACK_TWIST,CNB-MGS-01,5,6.2,5.7,149,4,4,66.2,30,0.87,0.7715,CRITICAL,RailSync synthetic prototype training data
RS-ML-10108,TMS,SLEEPER_LOOSENING,NDLS-CNB-07,2,0.9,27.8,273,1,1,42.8,180,0.63,0.3479,MEDIUM,RailSync synthetic prototype training data
RS-ML-10109,TDMS,FEEDER_BREAKER_TRIP,NDLS-HWH-01,3,0.0,22.1,76,0,3,54.1,180,0.22,0.2732,MEDIUM,RailSync synthetic prototype training data
RS-ML-10110,SMMS,DATA_LOGGER_FAIL,CNB-MGS-01,1,0.1,20.2,262,3,4,42.5,180,0.93,0.4054,HIGH,RailSync synthetic prototype training data
RS-ML-10111,TDMS,CONTACT_WIRE_WEAR,NDLS-CNB-07,3,0.0,24.1,300,2,1,60.6,150,0.78,0.4452,HIGH,RailSync synthetic prototype training data
RS-ML-10112,TMS,DRAINAGE_CLEARANCE,HWH-MGS-03,4,0.0,18.4,96,3,4,42.2,90,0.09,0.5054,HIGH,RailSync synthetic prototype training data
RS-ML-10113,TDMS,ISOLATOR_SWITCH_JAM,HWH-MGS-03,4,1.2,20.9,132,0,1,90.6,150,0.3,0.3965,HIGH,RailSync synthetic prototype training data
RS-ML-10114,TDMS,MAST_EARTHING_LOOSE,HWH-MGS-03,3,0.0,34.0,200,0,4,61.5,120,0.77,0.4108,HIGH,RailSync synthetic prototype training data
RS-ML-10115,SMMS,AXLE_COUNTER_RESET,CNB-MGS-01,2,4.4,3.5,341,0,2,80.4,150,0.45,0.3468,MEDIUM,RailSync synthetic prototype training data
RS-ML-10116,SMMS,RELAY_CHATTER,HWH-MGS-03,2,1.6,37.3,32,0,2,95.7,60,0.81,0.2803,MEDIUM,RailSync synthetic prototype training data
RS-ML-10117,TMS,SLEEPER_LOOSENING,CNB-MGS-01,2,10.4,36.1,19,2,3,66.0,45,0.57,0.4489,HIGH,RailSync synthetic prototype training data
RS-ML-10118,SMMS,CABLE_INSULATION_LOW,CNB-MGS-01,3,0.0,9.9,61,0,5,62.6,45,0.29,0.3179,MEDIUM,RailSync synthetic prototype training data
RS-ML-10119,TDMS,NEUTRAL_SECTION_ARCING,HWH-MGS-03,1,2.1,5.6,40,1,1,87.4,150,0.65,0.2265,MEDIUM,RailSync synthetic prototype training data
RS-ML-10120,SMMS,DATA_LOGGER_FAIL,CNB-MGS-01,3,0.0,32.4,329,0,2,47.1,90,0.76,0.3885,HIGH,RailSync synthetic prototype training data
RS-ML-10121,TMS,TURNOUT_WEAR,CNB-MGS-01,2,0.0,37.4,69,2,3,63.3,240,0.52,0.4004,HIGH,RailSync synthetic prototype training data
RS-ML-10122,TDMS,CANTILEVER_INSULATOR_FLASH,NDLS-CNB-07,4,0.5,24.6,233,1,5,77.4,60,0.74,0.5875,CRITICAL,RailSync synthetic prototype training data
RS-ML-10123,TDMS,CANTILEVER_INSULATOR_FLASH,NDLS-CNB-07,2,7.9,6.6,118,0,1,54.7,120,0.16,0.3022,MEDIUM,RailSync synthetic prototype training data
RS-ML-10124,TMS,SEJ_GAP_ABNORMAL,NDLS-HWH-01,2,4.5,6.8,300,0,5,59.8,30,0.79,0.4497,HIGH,RailSync synthetic prototype training data
RS-ML-10125,SMMS,EARTH_LEAKAGE,CNB-MGS-01,3,0.0,29.3,216,2,5,56.9,120,0.48,0.5071,HIGH,RailSync synthetic prototype training data
RS-ML-10126,TDMS,MAST_EARTHING_LOOSE,CNB-MGS-01,2,0.8,26.3,83,1,5,48.4,150,0.71,0.3859,HIGH,RailSync synthetic prototype training data
RS-ML-10127,TMS,FISHPLATE_CRACK,NDLS-HWH-01,2,0.0,18.0,139,1,1,57.0,180,0.83,0.2428,MEDIUM,RailSync synthetic prototype training data
RS-ML-10128,TMS,RAIL_CORRUGATION,CNB-MGS-01,4,2.5,27.5,100,3,4,91.4,240,0.07,0.6299,CRITICAL,RailSync synthetic prototype training data
RS-ML-10129,TDMS,CATENARY_TENSION_LOW,CNB-MGS-01,1,2.2,11.1,308,4,5,40.5,45,0.44,0.4327,HIGH,RailSync synthetic prototype training data
RS-ML-10130,TDMS,CONTACT_WIRE_WEAR,HWH-MGS-03,2,0.0,15.5,294,1,3,44.3,240,0.74,0.3289,MEDIUM,RailSync synthetic prototype training data
RS-ML-10131,SMMS,INTERLOCKING_CIRCUIT_FAULT,NDLS-CNB-07,5,0.0,15.3,176,1,2,51.6,180,0.5,0.5823,CRITICAL,RailSync synthetic prototype training data
RS-ML-10132,TMS,RAIL_CORRUGATION,CNB-MGS-01,3,1.4,20.0,79,2,5,58.6,180,0.94,0.4864,HIGH,RailSync synthetic prototype training data
RS-ML-10133,TMS,SEJ_GAP_ABNORMAL,HWH-MGS-03,3,13.7,11.7,11,1,5,58.0,30,0.59,0.5185,HIGH,RailSync synthetic prototype training data
RS-ML-10134,TMS,DRAINAGE_CLEARANCE,NDLS-CNB-07,3,5.2,22.4,90,1,4,48.6,90,0.08,0.4462,HIGH,RailSync synthetic prototype training data
RS-ML-10135,TMS,FISHPLATE_CRACK,HWH-MGS-03,1,2.2,26.4,213,1,1,81.3,90,0.55,0.322,MEDIUM,RailSync synthetic prototype training data
RS-ML-10136,TDMS,FEEDER_BREAKER_TRIP,HWH-MGS-03,2,0.0,7.0,275,0,3,75.7,90,0.91,0.3304,MEDIUM,RailSync synthetic prototype training data
RS-ML-10137,TDMS,NEUTRAL_SECTION_ARCING,CNB-MGS-01,3,0.0,26.4,253,0,3,56.8,180,0.86,0.4276,HIGH,RailSync synthetic prototype training data
RS-ML-10138,TMS,FISHPLATE_CRACK,NDLS-CNB-07,2,1.0,11.3,43,0,4,52.5,120,0.89,0.2751,MEDIUM,RailSync synthetic prototype training data
RS-ML-10139,SMMS,EARTH_LEAKAGE,NDLS-CNB-07,1,0.0,25.6,274,0,1,64.2,240,0.14,0.1978,LOW,RailSync synthetic prototype training data
RS-ML-10140,TDMS,OHE_DROPPER_SNAP,NDLS-CNB-07,4,0.0,35.6,246,1,3,58.8,30,0.87,0.555,HIGH,RailSync synthetic prototype training data
RS-ML-10141,SMMS,POINT_MACHINE_FAILURE,NDLS-CNB-07,4,0.0,31.9,21,7,4,50.9,120,0.84,0.6092,CRITICAL,RailSync synthetic prototype training data
RS-ML-10142,TMS,TURNOUT_WEAR,NDLS-HWH-01,4,2.4,13.1,235,7,2,89.8,240,0.3,0.7042,CRITICAL,RailSync synthetic prototype training data
RS-ML-10143,SMMS,TRACK_CIRCUIT_DROP,NDLS-CNB-07,1,0.7,13.1,154,1,4,88.4,150,0.13,0.2622,MEDIUM,RailSync synthetic prototype training data
RS-ML-10144,SMMS,AXLE_COUNTER_RESET,NDLS-CNB-07,2,0.0,35.6,6,0,3,95.8,120,0.57,0.2458,MEDIUM,RailSync synthetic prototype training data
RS-ML-10145,TMS,SLEEPER_LOOSENING,NDLS-HWH-01,3,7.9,18.0,84,1,3,80.4,120,0.38,0.4751,HIGH,RailSync synthetic prototype training data
RS-ML-10146,TMS,RAIL_CORRUGATION,HWH-MGS-03,1,8.5,28.5,313,1,5,86.9,90,0.74,0.5017,HIGH,RailSync synthetic prototype training data
RS-ML-10147,TDMS,ISOLATOR_SWITCH_JAM,HWH-MGS-03,2,8.2,14.1,291,0,2,73.5,60,0.2,0.355,MEDIUM,RailSync synthetic prototype training data
RS-ML-10148,TDMS,FEEDER_BREAKER_TRIP,NDLS-HWH-01,3,5.8,27.4,253,0,4,47.7,180,0.46,0.5008,HIGH,RailSync synthetic prototype training data
RS-ML-10149,TDMS,OHE_DROPPER_SNAP,HWH-MGS-03,4,0.0,0.6,114,1,3,81.0,30,0.89,0.4501,HIGH,RailSync synthetic prototype training data
RS-ML-10150,TMS,USFD_MICRO_CRACK,NDLS-HWH-01,2,3.6,7.2,72,3,4,61.9,180,0.45,0.456,HIGH,RailSync synthetic prototype training data
RS-ML-10151,TMS,DRAINAGE_CLEARANCE,NDLS-CNB-07,3,0.0,13.5,94,7,2,82.6,90,0.8,0.5319,HIGH,RailSync synthetic prototype training data
RS-ML-10152,TDMS,NEUTRAL_SECTION_ARCING,HWH-MGS-03,3,0.0,20.9,275,1,4,60.3,120,0.22,0.4636,HIGH,RailSync synthetic prototype training data
RS-ML-10153,TMS,DRAINAGE_CLEARANCE,HWH-MGS-03,3,0.0,35.6,11,0,5,42.0,30,0.27,0.2894,MEDIUM,RailSync synthetic prototype training data
RS-ML-10154,TMS,USFD_MICRO_CRACK,NDLS-CNB-07,2,0.9,28.8,31,0,5,58.7,150,0.26,0.3521,MEDIUM,RailSync synthetic prototype training data
RS-ML-10155,SMMS,CABLE_INSULATION_LOW,CNB-MGS-01,2,3.4,21.4,305,4,4,72.5,30,0.93,0.5231,HIGH,RailSync synthetic prototype training data
RS-ML-10156,TDMS,MAST_EARTHING_LOOSE,CNB-MGS-01,3,2.2,15.8,156,1,2,57.6,60,0.78,0.4258,HIGH,RailSync synthetic prototype training data
RS-ML-10157,TDMS,ISOLATOR_SWITCH_JAM,NDLS-CNB-07,2,6.6,10.1,172,2,1,71.3,90,0.1,0.3651,MEDIUM,RailSync synthetic prototype training data
RS-ML-10158,TMS,TURNOUT_WEAR,NDLS-HWH-01,3,2.3,7.6,303,2,3,57.7,30,0.24,0.5069,HIGH,RailSync synthetic prototype training data
RS-ML-10159,SMMS,POWER_SUPPLY_FLUCTUATION,NDLS-CNB-07,3,5.2,26.9,206,4,4,67.3,150,0.33,0.6732,CRITICAL,RailSync synthetic prototype training data
RS-ML-10160,TMS,USFD_MICRO_CRACK,HWH-MGS-03,1,0.0,37.3,243,3,2,61.7,180,0.09,0.4152,HIGH,RailSync synthetic prototype training data
RS-ML-10161,TMS,SEJ_GAP_ABNORMAL,HWH-MGS-03,2,2.4,7.9,120,1,3,55.1,240,0.92,0.3196,MEDIUM,RailSync synthetic prototype training data
RS-ML-10162,SMMS,POWER_SUPPLY_FLUCTUATION,HWH-MGS-03,1,0.7,30.3,89,0,5,97.9,30,0.52,0.2915,MEDIUM,RailSync synthetic prototype training data
RS-ML-10163,TDMS,OHE_DROPPER_SNAP,NDLS-HWH-01,4,0.0,32.1,121,0,2,69.6,150,0.1,0.3602,MEDIUM,RailSync synthetic prototype training data
RS-ML-10164,SMMS,EARTH_LEAKAGE,HWH-MGS-03,3,0.0,1.1,275,1,5,82.2,120,0.07,0.4644,HIGH,RailSync synthetic prototype training data
RS-ML-10165,TDMS,PANTOGRAPH_ENTANGLEMENT_RISK,NDLS-HWH-01,5,5.9,20.2,126,0,3,86.5,45,0.39,0.5087,HIGH,RailSync synthetic prototype training data
RS-ML-10166,TMS,TURNOUT_WEAR,NDLS-CNB-07,4,0.0,9.0,353,3,1,45.5,180,0.39,0.479,HIGH,RailSync synthetic prototype training data
RS-ML-10167,SMMS,INTERLOCKING_CIRCUIT_FAULT,HWH-MGS-03,5,0.4,24.7,172,1,5,93.8,90,0.24,0.6042,CRITICAL,RailSync synthetic prototype training data
RS-ML-10168,TDMS,FEEDER_BREAKER_TRIP,CNB-MGS-01,1,0.1,3.3,146,4,3,40.9,90,0.58,0.329,MEDIUM,RailSync synthetic prototype training data
RS-ML-10169,TMS,TRACK_TWIST,CNB-MGS-01,3,1.7,9.5,202,2,2,86.2,45,0.5,0.4386,HIGH,RailSync synthetic prototype training data
RS-ML-10170,TDMS,OHE_DROPPER_SNAP,NDLS-HWH-01,4,3.2,32.0,177,2,3,41.7,120,0.76,0.5238,HIGH,RailSync synthetic prototype training data
RS-ML-10171,SMMS,CABLE_INSULATION_LOW,HWH-MGS-03,1,5.6,22.5,197,0,1,44.8,60,0.39,0.2595,MEDIUM,RailSync synthetic prototype training data
RS-ML-10172,TDMS,PANTOGRAPH_ENTANGLEMENT_RISK,HWH-MGS-03,4,5.0,4.5,5,5,1,47.8,60,0.44,0.4835,HIGH,RailSync synthetic prototype training data
RS-ML-10173,TMS,TRACK_TWIST,CNB-MGS-01,4,0.0,22.9,169,4,4,62.7,45,0.7,0.6232,CRITICAL,RailSync synthetic prototype training data
RS-ML-10174,SMMS,SIGNAL_LAMP_FUSED,NDLS-CNB-07,3,0.2,6.9,140,0,4,56.1,120,0.49,0.362,MEDIUM,RailSync synthetic prototype training data
RS-ML-10175,TMS,DRAINAGE_CLEARANCE,HWH-MGS-03,2,0.0,7.8,57,0,4,59.4,180,0.77,0.2818,MEDIUM,RailSync synthetic prototype training data
RS-ML-10176,TMS,FISHPLATE_CRACK,HWH-MGS-03,3,0.0,32.7,307,0,2,68.0,60,0.92,0.4593,HIGH,RailSync synthetic prototype training data
RS-ML-10177,SMMS,POWER_SUPPLY_FLUCTUATION,NDLS-CNB-07,2,0.8,11.0,204,1,5,50.5,30,0.91,0.3922,HIGH,RailSync synthetic prototype training data
RS-ML-10178,SMMS,SIGNAL_LAMP_FUSED,HWH-MGS-03,3,1.8,31.7,38,3,4,48.1,120,0.27,0.4176,HIGH,RailSync synthetic prototype training data
RS-ML-10179,TDMS,CANTILEVER_INSULATOR_FLASH,HWH-MGS-03,4,7.1,18.5,208,1,4,71.8,150,0.68,0.5593,HIGH,RailSync synthetic prototype training data
RS-ML-10180,TDMS,CANTILEVER_INSULATOR_FLASH,NDLS-HWH-01,3,2.9,25.2,184,0,4,96.6,150,0.92,0.4694,HIGH,RailSync synthetic prototype training data
RS-ML-10181,TMS,SEJ_GAP_ABNORMAL,NDLS-CNB-07,2,1.5,15.2,350,1,1,68.2,120,0.42,0.3643,MEDIUM,RailSync synthetic prototype training data
RS-ML-10182,TDMS,CANTILEVER_INSULATOR_FLASH,NDLS-CNB-07,2,0.0,13.4,108,1,1,65.6,240,0.34,0.2214,MEDIUM,RailSync synthetic prototype training data
RS-ML-10183,TMS,FISHPLATE_CRACK,NDLS-HWH-01,3,1.4,6.7,127,1,4,96.1,90,0.77,0.5165,HIGH,RailSync synthetic prototype training data
RS-ML-10184,SMMS,AXLE_COUNTER_RESET,HWH-MGS-03,2,0.0,28.2,104,1,2,52.0,45,0.57,0.2941,MEDIUM,RailSync synthetic prototype training data
RS-ML-10185,TMS,SLEEPER_LOOSENING,HWH-MGS-03,1,3.2,25.7,253,1,5,63.0,45,0.36,0.3688,MEDIUM,RailSync synthetic prototype training data
RS-ML-10186,TDMS,PANTOGRAPH_ENTANGLEMENT_RISK,CNB-MGS-01,5,0.0,22.6,347,0,3,46.8,150,0.67,0.4774,HIGH,RailSync synthetic prototype training data
RS-ML-10187,TMS,BALLAST_DEFICIENCY,HWH-MGS-03,1,0.7,24.3,358,4,2,68.6,60,0.22,0.4269,HIGH,RailSync synthetic prototype training data
RS-ML-10188,TDMS,OHE_DROPPER_SNAP,CNB-MGS-01,5,2.5,18.7,102,3,4,63.9,240,0.42,0.63,CRITICAL,RailSync synthetic prototype training data
RS-ML-10189,TMS,WELD_FRACTURE,NDLS-CNB-07,4,2.9,10.8,278,0,4,72.2,45,0.57,0.5071,HIGH,RailSync synthetic prototype training data
RS-ML-10190,TMS,SEJ_GAP_ABNORMAL,CNB-MGS-01,2,0.4,28.9,228,1,2,57.4,30,0.45,0.3381,MEDIUM,RailSync synthetic prototype training data
RS-ML-10191,TMS,TRACK_TWIST,NDLS-CNB-07,4,3.5,28.2,355,1,2,76.0,90,0.78,0.6252,CRITICAL,RailSync synthetic prototype training data
RS-ML-10192,TDMS,CONTACT_WIRE_WEAR,CNB-MGS-01,2,0.0,6.8,152,0,5,97.7,45,0.17,0.3157,MEDIUM,RailSync synthetic prototype training data
RS-ML-10193,TMS,GAUGE_CORRECTION,NDLS-CNB-07,3,5.0,5.5,77,2,4,68.6,120,0.62,0.4584,HIGH,RailSync synthetic prototype training data
RS-ML-10194,TMS,TRACK_TWIST,NDLS-HWH-01,4,0.0,28.6,358,5,4,59.1,30,0.83,0.729,CRITICAL,RailSync synthetic prototype training data
RS-ML-10195,TDMS,CONTACT_WIRE_WEAR,NDLS-HWH-01,3,1.4,15.4,222,3,3,59.8,60,0.56,0.4952,HIGH,RailSync synthetic prototype training data
RS-ML-10196,SMMS,RELAY_CHATTER,NDLS-HWH-01,1,0.6,24.0,238,0,4,40.0,180,0.23,0.2522,MEDIUM,RailSync synthetic prototype training data
RS-ML-10197,SMMS,AXLE_COUNTER_RESET,CNB-MGS-01,1,0.6,14.0,45,1,4,76.6,90,0.44,0.2215,MEDIUM,RailSync synthetic prototype training data
RS-ML-10198,TMS,TRACK_TWIST,NDLS-HWH-01,4,0.0,3.4,306,0,3,87.8,180,0.67,0.4691,HIGH,RailSync synthetic prototype training data
RS-ML-10199,TMS,TRACK_TWIST,NDLS-HWH-01,4,7.3,33.5,73,1,2,44.0,30,0.6,0.5143,HIGH,RailSync synthetic prototype training data
RS-ML-10200,TMS,FISHPLATE_CRACK,NDLS-CNB-07,3,0.9,6.2,213,2,1,48.2,45,0.58,0.3655,MEDIUM,RailSync synthetic prototype training data
RS-ML-10201,TMS,RAIL_CORRUGATION,NDLS-CNB-07,2,1.2,3.7,286,2,1,89.6,120,0.23,0.4475,HIGH,RailSync synthetic prototype training data
RS-ML-10202,SMMS,SIGNAL_LAMP_FUSED,HWH-MGS-03,2,0.0,2.5,125,1,4,77.3,45,0.53,0.4119,HIGH,RailSync synthetic prototype training data
RS-ML-10203,TDMS,PANTOGRAPH_ENTANGLEMENT_RISK,HWH-MGS-03,5,0.0,21.8,190,1,4,95.8,45,0.07,0.5492,HIGH,RailSync synthetic prototype training data
RS-ML-10204,TMS,GAUGE_CORRECTION,NDLS-CNB-07,1,2.4,2.8,206,1,4,64.8,180,0.12,0.2777,MEDIUM,RailSync synthetic prototype training data
RS-ML-10205,TMS,GAUGE_CORRECTION,NDLS-HWH-01,2,0.0,8.1,82,1,1,58.1,180,0.71,0.2503,MEDIUM,RailSync synthetic prototype training data
RS-ML-10206,TDMS,OHE_DROPPER_SNAP,NDLS-CNB-07,3,0.0,16.8,235,2,2,47.0,60,0.68,0.4677,HIGH,RailSync synthetic prototype training data
RS-ML-10207,SMMS,TRACK_CIRCUIT_DROP,NDLS-CNB-07,2,0.0,28.6,140,2,1,59.6,180,0.29,0.3784,MEDIUM,RailSync synthetic prototype training data
RS-ML-10208,TMS,LC_FLANGEWAY_CLEAN,NDLS-HWH-01,2,1.6,19.7,31,1,3,85.2,45,0.26,0.3049,MEDIUM,RailSync synthetic prototype training data
RS-ML-10209,TDMS,CATENARY_TENSION_LOW,NDLS-HWH-01,2,0.1,14.9,79,0,4,53.1,90,0.42,0.238,MEDIUM,RailSync synthetic prototype training data
RS-ML-10210,SMMS,TRACK_CIRCUIT_DROP,NDLS-HWH-01,2,0.0,5.0,347,4,5,97.4,180,0.11,0.5003,HIGH,RailSync synthetic prototype training data
RS-ML-10211,TDMS,CONTACT_WIRE_WEAR,NDLS-HWH-01,2,4.7,0.8,105,0,2,67.1,240,0.95,0.2988,MEDIUM,RailSync synthetic prototype training data
RS-ML-10212,TDMS,ISOLATOR_SWITCH_JAM,NDLS-CNB-07,1,0.0,35.5,15,0,1,95.6,30,0.73,0.129,LOW,RailSync synthetic prototype training data
RS-ML-10213,TMS,SLEEPER_LOOSENING,NDLS-CNB-07,2,0.0,36.5,75,2,2,92.5,180,0.68,0.4191,HIGH,RailSync synthetic prototype training data
RS-ML-10214,TMS,LC_FLANGEWAY_CLEAN,NDLS-HWH-01,2,0.0,19.5,329,3,5,43.6,60,0.26,0.4742,HIGH,RailSync synthetic prototype training data
RS-ML-10215,TDMS,CONTACT_WIRE_WEAR,CNB-MGS-01,2,0.4,9.3,106,0,1,49.6,240,0.33,0.2069,LOW,RailSync synthetic prototype training data
RS-ML-10216,TMS,FISHPLATE_CRACK,NDLS-CNB-07,2,1.3,17.9,64,0,5,42.4,150,0.18,0.2584,MEDIUM,RailSync synthetic prototype training data
RS-ML-10217,TMS,WELD_FRACTURE,CNB-MGS-01,4,2.8,37.7,18,5,5,54.6,240,0.14,0.5622,CRITICAL,RailSync synthetic prototype training data
RS-ML-10218,TDMS,CANTILEVER_INSULATOR_FLASH,NDLS-HWH-01,1,1.6,29.8,116,0,1,74.1,120,0.88,0.3055,MEDIUM,RailSync synthetic prototype training data
RS-ML-10219,TMS,DRAINAGE_CLEARANCE,HWH-MGS-03,3,0.2,3.9,172,0,5,65.3,180,0.5,0.4504,HIGH,RailSync synthetic prototype training data
RS-ML-10220,TMS,BALLAST_DEFICIENCY,NDLS-CNB-07,2,0.1,34.6,143,0,5,76.1,120,0.5,0.3975,HIGH,RailSync synthetic prototype training data
RS-ML-10221,TMS,BALLAST_DEFICIENCY,NDLS-CNB-07,2,2.7,24.6,272,0,1,97.9,150,0.48,0.3594,MEDIUM,RailSync synthetic prototype training data
RS-ML-10222,TDMS,CONTACT_WIRE_WEAR,CNB-MGS-01,2,0.0,7.2,166,1,3,43.4,240,0.53,0.2994,MEDIUM,RailSync synthetic prototype training data
RS-ML-10223,TDMS,CANTILEVER_INSULATOR_FLASH,NDLS-CNB-07,3,3.0,10.5,31,3,4,60.8,60,0.21,0.3104,MEDIUM,RailSync synthetic prototype training data
RS-ML-10224,SMMS,RELAY_CHATTER,NDLS-HWH-01,3,0.7,13.7,293,1,4,71.7,60,0.49,0.4807,HIGH,RailSync synthetic prototype training data
RS-ML-10225,TMS,SEJ_GAP_ABNORMAL,HWH-MGS-03,1,0.0,34.9,106,3,2,93.7,150,0.1,0.3571,MEDIUM,RailSync synthetic prototype training data
RS-ML-10226,TMS,LC_FLANGEWAY_CLEAN,NDLS-CNB-07,3,0.0,32.2,189,6,4,74.3,150,0.32,0.6365,CRITICAL,RailSync synthetic prototype training data
RS-ML-10227,TDMS,FEEDER_BREAKER_TRIP,CNB-MGS-01,1,1.5,36.8,358,4,5,87.6,180,0.33,0.5227,HIGH,RailSync synthetic prototype training data
RS-ML-10228,SMMS,AXLE_COUNTER_RESET,NDLS-CNB-07,3,11.8,36.1,296,1,1,50.7,150,0.88,0.5923,CRITICAL,RailSync synthetic prototype training data
RS-ML-10229,SMMS,POWER_SUPPLY_FLUCTUATION,NDLS-CNB-07,2,0.0,3.4,180,7,1,88.1,150,0.45,0.4556,HIGH,RailSync synthetic prototype training data
RS-ML-10230,TMS,SLEEPER_LOOSENING,NDLS-HWH-01,2,1.9,30.0,3,0,2,91.7,240,0.84,0.2748,MEDIUM,RailSync synthetic prototype training data
RS-ML-10231,TDMS,CATENARY_TENSION_LOW,NDLS-CNB-07,2,0.0,30.5,20,0,1,44.3,60,0.85,0.2033,LOW,RailSync synthetic prototype training data
RS-ML-10232,TMS,TRACK_TWIST,NDLS-HWH-01,4,3.7,37.4,250,2,5,92.1,60,0.1,0.6368,CRITICAL,RailSync synthetic prototype training data
RS-ML-10233,TMS,SEJ_GAP_ABNORMAL,CNB-MGS-01,3,6.4,11.7,52,0,2,43.2,30,0.43,0.4185,HIGH,RailSync synthetic prototype training data
RS-ML-10234,TMS,DRAINAGE_CLEARANCE,HWH-MGS-03,1,2.2,1.5,90,2,1,58.0,180,0.47,0.2653,MEDIUM,RailSync synthetic prototype training data
RS-ML-10235,SMMS,CABLE_INSULATION_LOW,NDLS-CNB-07,2,0.0,14.8,98,1,4,55.4,120,0.56,0.2915,MEDIUM,RailSync synthetic prototype training data
RS-ML-10236,TMS,LC_FLANGEWAY_CLEAN,NDLS-HWH-01,1,0.9,13.4,280,1,1,89.2,180,0.92,0.3064,MEDIUM,RailSync synthetic prototype training data
RS-ML-10237,SMMS,SIGNAL_LAMP_FUSED,HWH-MGS-03,2,5.6,15.3,20,1,5,48.6,240,0.21,0.2702,MEDIUM,RailSync synthetic prototype training data
RS-ML-10238,TDMS,CATENARY_TENSION_LOW,NDLS-CNB-07,1,3.5,16.4,352,1,5,55.1,45,0.13,0.3114,MEDIUM,RailSync synthetic prototype training data
RS-ML-10239,TDMS,ISOLATOR_SWITCH_JAM,HWH-MGS-03,4,0.4,1.0,322,1,2,48.7,45,0.88,0.4409,HIGH,RailSync synthetic prototype training data
RS-ML-10240,SMMS,INTERLOCKING_CIRCUIT_FAULT,CNB-MGS-01,5,3.0,33.5,213,0,4,42.2,120,0.41,0.5263,HIGH,RailSync synthetic prototype training data
RS-ML-10241,TMS,BALLAST_DEFICIENCY,CNB-MGS-01,3,0.1,2.3,246,5,3,58.2,240,0.82,0.5727,CRITICAL,RailSync synthetic prototype training data
RS-ML-10242,SMMS,SIGNAL_LAMP_FUSED,NDLS-CNB-07,2,3.6,28.4,167,0,2,65.8,180,0.72,0.3457,MEDIUM,RailSync synthetic prototype training data
RS-ML-10243,TDMS,ISOLATOR_SWITCH_JAM,NDLS-CNB-07,1,7.4,27.1,209,0,1,50.2,90,0.8,0.2435,MEDIUM,RailSync synthetic prototype training data
RS-ML-10244,TMS,USFD_MICRO_CRACK,NDLS-HWH-01,4,1.8,26.9,143,1,1,79.8,90,0.39,0.457,HIGH,RailSync synthetic prototype training data
RS-ML-10245,TDMS,ISOLATOR_SWITCH_JAM,CNB-MGS-01,2,1.2,31.9,135,2,4,42.9,90,0.82,0.3813,HIGH,RailSync synthetic prototype training data
RS-ML-10246,SMMS,SIGNAL_LAMP_FUSED,CNB-MGS-01,3,3.6,19.7,352,0,5,86.9,90,0.28,0.5005,HIGH,RailSync synthetic prototype training data
RS-ML-10247,TDMS,NEUTRAL_SECTION_ARCING,HWH-MGS-03,3,4.0,32.4,238,0,5,63.2,45,0.06,0.443,HIGH,RailSync synthetic prototype training data
RS-ML-10248,TDMS,CONTACT_WIRE_WEAR,CNB-MGS-01,2,0.0,4.6,35,0,3,90.4,120,0.64,0.2723,MEDIUM,RailSync synthetic prototype training data
RS-ML-10249,TMS,SEJ_GAP_ABNORMAL,NDLS-CNB-07,3,0.0,30.7,310,1,2,82.2,240,0.95,0.4752,HIGH,RailSync synthetic prototype training data
RS-ML-10250,TMS,BALLAST_DEFICIENCY,HWH-MGS-03,2,0.0,1.8,295,3,2,80.1,240,0.87,0.444,HIGH,RailSync synthetic prototype training data
RS-ML-10251,TDMS,ISOLATOR_SWITCH_JAM,NDLS-CNB-07,2,8.5,18.2,135,2,3,78.3,90,0.37,0.4299,HIGH,RailSync synthetic prototype training data
RS-ML-10252,SMMS,TRACK_CIRCUIT_DROP,HWH-MGS-03,3,0.4,12.9,136,1,1,90.7,45,0.47,0.3686,MEDIUM,RailSync synthetic prototype training data
RS-ML-10253,SMMS,DATA_LOGGER_FAIL,CNB-MGS-01,2,0.0,33.2,80,0,4,97.8,240,0.18,0.3175,MEDIUM,RailSync synthetic prototype training data
RS-ML-10254,TDMS,PANTOGRAPH_ENTANGLEMENT_RISK,NDLS-HWH-01,4,0.0,24.2,93,0,4,56.0,60,0.57,0.4249,HIGH,RailSync synthetic prototype training data
RS-ML-10255,TDMS,PANTOGRAPH_ENTANGLEMENT_RISK,HWH-MGS-03,4,0.0,15.6,247,1,2,82.7,30,0.85,0.5438,HIGH,RailSync synthetic prototype training data
RS-ML-10256,TDMS,ISOLATOR_SWITCH_JAM,NDLS-CNB-07,1,1.3,0.7,130,0,1,62.4,120,0.2,0.1463,LOW,RailSync synthetic prototype training data
RS-ML-10257,TMS,LC_FLANGEWAY_CLEAN,CNB-MGS-01,2,1.6,26.3,71,0,2,49.6,180,0.07,0.2145,LOW,RailSync synthetic prototype training data
RS-ML-10258,TMS,RAIL_CORRUGATION,NDLS-CNB-07,3,5.5,22.6,89,0,4,91.3,120,0.74,0.443,HIGH,RailSync synthetic prototype training data
RS-ML-10259,TMS,TRACK_TWIST,NDLS-HWH-01,3,2.3,4.8,230,1,2,52.0,30,0.32,0.3904,HIGH,RailSync synthetic prototype training data
RS-ML-10260,SMMS,DATA_LOGGER_FAIL,CNB-MGS-01,3,0.0,26.8,217,3,5,46.9,45,0.76,0.5058,HIGH,RailSync synthetic prototype training data
RS-ML-10261,TDMS,ISOLATOR_SWITCH_JAM,NDLS-CNB-07,2,0.8,15.9,85,0,4,59.3,30,0.06,0.2405,MEDIUM,RailSync synthetic prototype training data
RS-ML-10262,TMS,TRACK_TWIST,HWH-MGS-03,3,8.2,3.9,264,0,2,66.7,120,0.29,0.5238,HIGH,RailSync synthetic prototype training data
RS-ML-10263,TDMS,NEUTRAL_SECTION_ARCING,CNB-MGS-01,3,0.2,12.2,62,0,2,78.8,60,0.35,0.2921,MEDIUM,RailSync synthetic prototype training data
RS-ML-10264,TDMS,NEUTRAL_SECTION_ARCING,NDLS-HWH-01,2,1.1,13.4,61,1,4,80.4,240,0.77,0.2935,MEDIUM,RailSync synthetic prototype training data
RS-ML-10265,TMS,LC_FLANGEWAY_CLEAN,NDLS-HWH-01,4,5.7,32.2,56,1,4,50.6,180,0.75,0.4915,HIGH,RailSync synthetic prototype training data
RS-ML-10266,SMMS,AXLE_COUNTER_RESET,HWH-MGS-03,4,0.0,4.7,213,1,3,40.7,90,0.93,0.4514,HIGH,RailSync synthetic prototype training data
RS-ML-10267,SMMS,EARTH_LEAKAGE,NDLS-HWH-01,2,1.7,27.7,249,0,5,92.2,30,0.06,0.3828,HIGH,RailSync synthetic prototype training data
RS-ML-10268,TDMS,ISOLATOR_SWITCH_JAM,HWH-MGS-03,3,0.0,33.1,41,3,3,96.8,30,0.51,0.4264,HIGH,RailSync synthetic prototype training data
RS-ML-10269,TDMS,CANTILEVER_INSULATOR_FLASH,HWH-MGS-03,2,0.4,22.0,48,4,4,83.6,30,0.14,0.4031,HIGH,RailSync synthetic prototype training data
RS-ML-10270,TMS,SEJ_GAP_ABNORMAL,NDLS-HWH-01,3,2.9,30.2,319,2,4,95.6,150,0.79,0.6336,CRITICAL,RailSync synthetic prototype training data
RS-ML-10271,TMS,TURNOUT_WEAR,HWH-MGS-03,3,0.9,14.1,234,0,3,60.8,120,0.54,0.3611,MEDIUM,RailSync synthetic prototype training data
RS-ML-10272,TMS,TRACK_TWIST,NDLS-HWH-01,5,0.7,19.0,212,0,4,52.6,90,0.7,0.5805,CRITICAL,RailSync synthetic prototype training data
RS-ML-10273,TDMS,CANTILEVER_INSULATOR_FLASH,HWH-MGS-03,2,2.6,22.6,261,0,1,72.4,180,0.8,0.3585,MEDIUM,RailSync synthetic prototype training data
RS-ML-10274,SMMS,DATA_LOGGER_FAIL,NDLS-CNB-07,3,3.3,7.0,68,0,3,69.5,180,0.43,0.3005,MEDIUM,RailSync synthetic prototype training data
RS-ML-10275,TMS,BALLAST_DEFICIENCY,CNB-MGS-01,4,7.6,17.5,71,0,5,57.5,150,0.69,0.5029,HIGH,RailSync synthetic prototype training data
RS-ML-10276,TDMS,CATENARY_TENSION_LOW,NDLS-CNB-07,1,13.9,27.3,354,0,2,69.5,150,0.69,0.4394,HIGH,RailSync synthetic prototype training data
RS-ML-10277,SMMS,CABLE_INSULATION_LOW,CNB-MGS-01,3,0.0,16.3,9,1,2,43.1,30,0.23,0.221,MEDIUM,RailSync synthetic prototype training data
RS-ML-10278,TDMS,PANTOGRAPH_ENTANGLEMENT_RISK,CNB-MGS-01,5,0.0,6.0,34,2,5,41.9,240,0.14,0.5066,HIGH,RailSync synthetic prototype training data
RS-ML-10279,TDMS,ISOLATOR_SWITCH_JAM,HWH-MGS-03,1,9.1,29.9,359,0,4,64.4,150,0.92,0.3885,HIGH,RailSync synthetic prototype training data
RS-ML-10280,TMS,LC_FLANGEWAY_CLEAN,CNB-MGS-01,1,4.3,33.1,229,3,3,84.2,90,0.75,0.5273,HIGH,RailSync synthetic prototype training data
RS-ML-10281,TMS,DRAINAGE_CLEARANCE,NDLS-HWH-01,1,0.0,7.0,266,0,3,72.6,60,0.19,0.2553,MEDIUM,RailSync synthetic prototype training data
RS-ML-10282,TDMS,OHE_DROPPER_SNAP,CNB-MGS-01,4,0.0,35.7,23,0,1,85.3,120,0.49,0.3156,MEDIUM,RailSync synthetic prototype training data
RS-ML-10283,TDMS,CONTACT_WIRE_WEAR,NDLS-CNB-07,4,1.8,20.0,261,0,3,52.9,90,0.65,0.4561,HIGH,RailSync synthetic prototype training data
RS-ML-10284,TMS,GAUGE_CORRECTION,NDLS-CNB-07,4,13.9,23.7,246,7,1,46.7,150,0.45,0.8367,CRITICAL,RailSync synthetic prototype training data
RS-ML-10285,SMMS,POINT_MACHINE_FAILURE,CNB-MGS-01,4,1.2,30.4,61,1,5,88.1,150,0.51,0.4792,HIGH,RailSync synthetic prototype training data
RS-ML-10286,SMMS,POWER_SUPPLY_FLUCTUATION,NDLS-HWH-01,2,0.6,24.9,167,1,5,71.2,45,0.24,0.3663,MEDIUM,RailSync synthetic prototype training data
RS-ML-10287,SMMS,INTERLOCKING_CIRCUIT_FAULT,NDLS-CNB-07,4,4.8,26.9,225,2,2,41.4,150,0.08,0.5231,HIGH,RailSync synthetic prototype training data
RS-ML-10288,TMS,RAIL_CORRUGATION,CNB-MGS-01,2,2.1,22.1,119,4,4,65.3,30,0.4,0.4968,HIGH,RailSync synthetic prototype training data
RS-ML-10289,SMMS,INTERLOCKING_CIRCUIT_FAULT,NDLS-HWH-01,5,1.3,3.2,260,0,1,56.5,240,0.39,0.4689,HIGH,RailSync synthetic prototype training data
RS-ML-10290,TDMS,OHE_DROPPER_SNAP,HWH-MGS-03,3,1.2,8.7,203,3,2,57.4,150,0.91,0.5417,HIGH,RailSync synthetic prototype training data
RS-ML-10291,TMS,WELD_FRACTURE,NDLS-HWH-01,4,0.0,15.3,283,5,3,52.4,60,0.19,0.6503,CRITICAL,RailSync synthetic prototype training data
RS-ML-10292,TMS,GAUGE_CORRECTION,NDLS-CNB-07,1,9.4,25.7,293,4,5,67.0,45,0.31,0.6179,CRITICAL,RailSync synthetic prototype training data
RS-ML-10293,SMMS,POWER_SUPPLY_FLUCTUATION,CNB-MGS-01,2,8.1,25.7,123,0,3,68.4,150,0.6,0.3968,HIGH,RailSync synthetic prototype training data
RS-ML-10294,TMS,TURNOUT_WEAR,NDLS-CNB-07,2,0.0,14.2,164,5,3,54.4,90,0.69,0.4884,HIGH,RailSync synthetic prototype training data
RS-ML-10295,TMS,DRAINAGE_CLEARANCE,CNB-MGS-01,3,0.4,17.9,186,3,5,44.8,120,0.82,0.5276,HIGH,RailSync synthetic prototype training data
RS-ML-10296,TMS,SEJ_GAP_ABNORMAL,NDLS-CNB-07,2,6.6,33.7,42,2,1,87.5,180,0.74,0.4294,HIGH,RailSync synthetic prototype training data
RS-ML-10297,TMS,SEJ_GAP_ABNORMAL,HWH-MGS-03,3,4.6,6.1,203,0,3,47.8,45,0.41,0.4245,HIGH,RailSync synthetic prototype training data
RS-ML-10298,SMMS,SIGNAL_LAMP_FUSED,NDLS-CNB-07,3,3.8,5.8,84,0,2,83.1,240,0.9,0.4154,HIGH,RailSync synthetic prototype training data
RS-ML-10299,TMS,GAUGE_CORRECTION,CNB-MGS-01,1,0.0,25.6,268,4,4,93.7,30,0.09,0.493,HIGH,RailSync synthetic prototype training data
RS-ML-10300,SMMS,INTERLOCKING_CIRCUIT_FAULT,CNB-MGS-01,5,0.0,10.4,281,1,4,61.4,45,0.51,0.5233,HIGH,RailSync synthetic prototype training data
RS-ML-10301,SMMS,RELAY_CHATTER,CNB-MGS-01,2,2.0,18.6,312,0,2,44.5,120,0.24,0.3463,MEDIUM,RailSync synthetic prototype training data
RS-ML-10302,TMS,FISHPLATE_CRACK,NDLS-HWH-01,3,2.3,16.0,172,2,2,74.6,180,0.07,0.4914,HIGH,RailSync synthetic prototype training data
RS-ML-10303,TMS,DRAINAGE_CLEARANCE,NDLS-HWH-01,3,0.0,6.0,88,0,4,75.1,30,0.84,0.3791,MEDIUM,RailSync synthetic prototype training data
RS-ML-10304,SMMS,TRACK_CIRCUIT_DROP,NDLS-HWH-01,1,0.0,23.2,244,4,4,75.1,60,0.61,0.4465,HIGH,RailSync synthetic prototype training data
RS-ML-10305,SMMS,POWER_SUPPLY_FLUCTUATION,NDLS-HWH-01,1,8.4,15.0,58,0,4,88.4,45,0.21,0.3034,MEDIUM,RailSync synthetic prototype training data
RS-ML-10306,TDMS,OHE_DROPPER_SNAP,NDLS-HWH-01,3,0.0,25.2,311,1,4,70.5,150,0.84,0.4637,HIGH,RailSync synthetic prototype training data
RS-ML-10307,TDMS,FEEDER_BREAKER_TRIP,HWH-MGS-03,2,1.0,30.7,359,1,2,93.2,45,0.3,0.3544,MEDIUM,RailSync synthetic prototype training data
RS-ML-10308,TDMS,MAST_EARTHING_LOOSE,CNB-MGS-01,1,0.0,27.1,6,1,1,61.9,90,0.67,0.1408,LOW,RailSync synthetic prototype training data
RS-ML-10309,TMS,DRAINAGE_CLEARANCE,CNB-MGS-01,2,0.0,20.6,292,1,4,84.2,180,0.55,0.4585,HIGH,RailSync synthetic prototype training data
RS-ML-10310,SMMS,AXLE_COUNTER_RESET,CNB-MGS-01,2,1.8,18.6,160,1,2,90.0,45,0.72,0.3235,MEDIUM,RailSync synthetic prototype training data
RS-ML-10311,TMS,SLEEPER_LOOSENING,HWH-MGS-03,3,0.6,30.5,317,2,1,87.1,60,0.47,0.5118,HIGH,RailSync synthetic prototype training data
RS-ML-10312,SMMS,INTERLOCKING_CIRCUIT_FAULT,NDLS-HWH-01,4,0.0,14.4,314,0,4,75.9,120,0.69,0.4341,HIGH,RailSync synthetic prototype training data
RS-ML-10313,TDMS,FEEDER_BREAKER_TRIP,HWH-MGS-03,1,0.0,32.4,268,0,5,69.9,90,0.6,0.2788,MEDIUM,RailSync synthetic prototype training data
RS-ML-10314,SMMS,RELAY_CHATTER,NDLS-CNB-07,3,1.5,37.1,47,7,4,63.7,90,0.52,0.5579,HIGH,RailSync synthetic prototype training data
RS-ML-10315,TMS,GAUGE_CORRECTION,CNB-MGS-01,2,0.0,31.1,118,2,4,73.6,120,0.21,0.3857,HIGH,RailSync synthetic prototype training data
RS-ML-10316,SMMS,DATA_LOGGER_FAIL,NDLS-HWH-01,2,7.3,13.2,62,3,5,54.6,240,0.92,0.4495,HIGH,RailSync synthetic prototype training data
RS-ML-10317,TDMS,FEEDER_BREAKER_TRIP,HWH-MGS-03,3,0.0,32.8,249,0,2,79.6,90,0.77,0.3892,HIGH,RailSync synthetic prototype training data
RS-ML-10318,TMS,FISHPLATE_CRACK,NDLS-HWH-01,3,6.0,10.4,150,0,1,72.4,60,0.48,0.363,MEDIUM,RailSync synthetic prototype training data
RS-ML-10319,TMS,LC_FLANGEWAY_CLEAN,NDLS-CNB-07,2,0.0,8.0,126,4,2,88.8,150,0.19,0.4769,HIGH,RailSync synthetic prototype training data
RS-ML-10320,TMS,TRACK_TWIST,HWH-MGS-03,4,1.6,29.2,280,5,3,68.8,120,0.49,0.7818,CRITICAL,RailSync synthetic prototype training data
RS-ML-10321,TMS,SLEEPER_LOOSENING,NDLS-CNB-07,1,0.0,30.5,247,5,3,63.0,60,0.46,0.4876,HIGH,RailSync synthetic prototype training data
RS-ML-10322,TMS,SEJ_GAP_ABNORMAL,HWH-MGS-03,2,1.4,0.8,348,0,5,90.4,60,0.54,0.4141,HIGH,RailSync synthetic prototype training data
RS-ML-10323,SMMS,RELAY_CHATTER,NDLS-CNB-07,2,2.1,8.4,193,1,5,47.7,90,0.78,0.4295,HIGH,RailSync synthetic prototype training data
RS-ML-10324,SMMS,SIGNAL_LAMP_FUSED,HWH-MGS-03,3,0.0,7.9,79,1,4,69.2,150,0.76,0.3647,MEDIUM,RailSync synthetic prototype training data
RS-ML-10325,SMMS,CABLE_INSULATION_LOW,NDLS-HWH-01,3,2.1,2.8,133,1,3,55.2,150,0.55,0.4164,HIGH,RailSync synthetic prototype training data
RS-ML-10326,TDMS,NEUTRAL_SECTION_ARCING,CNB-MGS-01,1,0.0,5.0,350,6,5,78.0,60,0.93,0.505,HIGH,RailSync synthetic prototype training data
RS-ML-10327,SMMS,POWER_SUPPLY_FLUCTUATION,NDLS-HWH-01,2,3.6,11.2,326,5,3,64.7,180,0.81,0.6065,CRITICAL,RailSync synthetic prototype training data
RS-ML-10328,TMS,RAIL_CORRUGATION,CNB-MGS-01,1,1.8,12.4,152,2,4,85.7,150,0.72,0.3538,MEDIUM,RailSync synthetic prototype training data
RS-ML-10329,TMS,WELD_FRACTURE,NDLS-CNB-07,5,0.0,25.3,43,0,1,43.7,240,0.54,0.3895,HIGH,RailSync synthetic prototype training data
RS-ML-10330,TMS,BALLAST_DEFICIENCY,NDLS-HWH-01,1,1.3,23.7,46,2,2,83.1,240,0.61,0.3318,MEDIUM,RailSync synthetic prototype training data
RS-ML-10331,TMS,DRAINAGE_CLEARANCE,CNB-MGS-01,3,9.6,12.7,246,1,5,66.0,60,0.58,0.6564,CRITICAL,RailSync synthetic prototype training data
RS-ML-10332,SMMS,EARTH_LEAKAGE,HWH-MGS-03,2,0.9,24.5,161,4,1,65.8,150,0.42,0.4269,HIGH,RailSync synthetic prototype training data
RS-ML-10333,SMMS,AXLE_COUNTER_RESET,CNB-MGS-01,2,2.3,20.6,355,5,1,84.8,120,0.59,0.5482,HIGH,RailSync synthetic prototype training data
RS-ML-10334,TDMS,ISOLATOR_SWITCH_JAM,CNB-MGS-01,1,0.0,33.6,226,1,4,88.5,90,0.29,0.3184,MEDIUM,RailSync synthetic prototype training data
RS-ML-10335,TDMS,NEUTRAL_SECTION_ARCING,CNB-MGS-01,3,0.7,20.4,140,1,3,46.5,240,0.61,0.3819,HIGH,RailSync synthetic prototype training data
RS-ML-10336,TMS,TURNOUT_WEAR,HWH-MGS-03,1,0.0,1.2,28,6,1,56.5,60,0.69,0.3134,MEDIUM,RailSync synthetic prototype training data
RS-ML-10337,TMS,USFD_MICRO_CRACK,NDLS-CNB-07,2,5.5,12.2,258,7,3,44.7,60,0.1,0.549,HIGH,RailSync synthetic prototype training data
RS-ML-10338,TDMS,CANTILEVER_INSULATOR_FLASH,HWH-MGS-03,1,0.5,34.1,131,3,2,62.5,240,0.27,0.3305,MEDIUM,RailSync synthetic prototype training data
RS-ML-10339,SMMS,INTERLOCKING_CIRCUIT_FAULT,NDLS-CNB-07,4,0.0,26.1,162,5,1,83.6,45,0.28,0.5955,CRITICAL,RailSync synthetic prototype training data
RS-ML-10340,SMMS,SIGNAL_LAMP_FUSED,CNB-MGS-01,3,0.0,32.9,114,6,4,59.0,60,0.76,0.5492,HIGH,RailSync synthetic prototype training data
RS-ML-10341,TMS,WELD_FRACTURE,HWH-MGS-03,5,4.1,6.3,48,0,3,94.5,30,0.1,0.4788,HIGH,RailSync synthetic prototype training data
RS-ML-10342,SMMS,DATA_LOGGER_FAIL,NDLS-HWH-01,1,5.7,9.2,288,3,4,82.9,30,0.67,0.481,HIGH,RailSync synthetic prototype training data
RS-ML-10343,TDMS,FEEDER_BREAKER_TRIP,HWH-MGS-03,2,0.0,20.9,253,0,3,58.9,240,0.3,0.3176,MEDIUM,RailSync synthetic prototype training data
RS-ML-10344,TDMS,ISOLATOR_SWITCH_JAM,NDLS-CNB-07,1,2.1,6.3,154,3,5,62.2,60,0.84,0.3752,MEDIUM,RailSync synthetic prototype training data
RS-ML-10345,SMMS,RELAY_CHATTER,NDLS-HWH-01,3,5.1,20.7,201,0,2,75.9,150,0.42,0.4093,HIGH,RailSync synthetic prototype training data
RS-ML-10346,TMS,TRACK_TWIST,NDLS-HWH-01,3,0.0,35.7,94,4,4,51.2,30,0.56,0.5535,HIGH,RailSync synthetic prototype training data
RS-ML-10347,SMMS,EARTH_LEAKAGE,CNB-MGS-01,1,3.7,8.8,39,0,1,67.4,30,0.37,0.1163,LOW,RailSync synthetic prototype training data
RS-ML-10348,SMMS,CABLE_INSULATION_LOW,CNB-MGS-01,3,0.0,2.7,318,0,1,88.8,45,0.9,0.3903,HIGH,RailSync synthetic prototype training data
RS-ML-10349,SMMS,DATA_LOGGER_FAIL,HWH-MGS-03,1,2.9,20.2,130,1,5,64.3,45,0.74,0.3355,MEDIUM,RailSync synthetic prototype training data
RS-ML-10350,SMMS,POWER_SUPPLY_FLUCTUATION,HWH-MGS-03,3,3.8,6.8,95,1,5,98.4,240,0.89,0.5188,HIGH,RailSync synthetic prototype training data
RS-ML-10351,TDMS,CONTACT_WIRE_WEAR,HWH-MGS-03,3,0.8,16.6,168,2,5,94.2,120,0.37,0.4759,HIGH,RailSync synthetic prototype training data
RS-ML-10352,SMMS,CABLE_INSULATION_LOW,NDLS-HWH-01,3,0.0,37.4,308,0,3,40.4,90,0.24,0.3587,MEDIUM,RailSync synthetic prototype training data
RS-ML-10353,TDMS,NEUTRAL_SECTION_ARCING,NDLS-CNB-07,1,0.0,17.8,82,0,5,54.6,120,0.78,0.2642,MEDIUM,RailSync synthetic prototype training data
RS-ML-10354,TMS,BALLAST_DEFICIENCY,NDLS-CNB-07,3,4.1,27.6,250,0,5,87.9,45,0.59,0.5295,HIGH,RailSync synthetic prototype training data
RS-ML-10355,SMMS,INTERLOCKING_CIRCUIT_FAULT,NDLS-HWH-01,5,7.1,13.0,225,1,2,83.7,30,0.62,0.6909,CRITICAL,RailSync synthetic prototype training data
RS-ML-10356,SMMS,POINT_MACHINE_FAILURE,CNB-MGS-01,4,0.9,12.5,292,0,1,79.4,180,0.92,0.4583,HIGH,RailSync synthetic prototype training data
RS-ML-10357,TMS,BALLAST_DEFICIENCY,CNB-MGS-01,3,0.2,6.1,175,0,4,55.4,180,0.5,0.3388,MEDIUM,RailSync synthetic prototype training data
RS-ML-10358,TDMS,PANTOGRAPH_ENTANGLEMENT_RISK,NDLS-CNB-07,4,0.0,7.9,205,2,5,98.3,90,0.27,0.5559,HIGH,RailSync synthetic prototype training data
RS-ML-10359,SMMS,EARTH_LEAKAGE,NDLS-HWH-01,1,0.0,16.0,190,0,5,78.3,120,0.2,0.3049,MEDIUM,RailSync synthetic prototype training data
RS-ML-10360,TMS,USFD_MICRO_CRACK,NDLS-CNB-07,2,0.0,35.2,122,0,1,46.6,30,0.27,0.2278,MEDIUM,RailSync synthetic prototype training data
RS-ML-10361,TDMS,NEUTRAL_SECTION_ARCING,NDLS-HWH-01,2,0.0,30.7,159,1,2,83.3,90,0.23,0.306,MEDIUM,RailSync synthetic prototype training data
RS-ML-10362,SMMS,TRACK_CIRCUIT_DROP,HWH-MGS-03,3,0.0,37.7,358,2,5,93.0,30,0.28,0.5728,CRITICAL,RailSync synthetic prototype training data
RS-ML-10363,SMMS,TRACK_CIRCUIT_DROP,NDLS-HWH-01,2,0.0,35.9,37,1,3,90.6,30,0.31,0.3119,MEDIUM,RailSync synthetic prototype training data
RS-ML-10364,TDMS,MAST_EARTHING_LOOSE,NDLS-CNB-07,4,3.2,19.6,53,4,1,50.9,240,0.55,0.5035,HIGH,RailSync synthetic prototype training data
RS-ML-10365,TDMS,NEUTRAL_SECTION_ARCING,CNB-MGS-01,2,0.0,28.4,12,0,3,53.8,120,0.78,0.211,LOW,RailSync synthetic prototype training data
RS-ML-10366,SMMS,CABLE_INSULATION_LOW,NDLS-HWH-01,4,3.7,36.1,118,0,1,82.7,90,0.43,0.4125,HIGH,RailSync synthetic prototype training data
RS-ML-10367,TMS,TURNOUT_WEAR,CNB-MGS-01,2,5.6,5.4,337,0,2,58.1,60,0.44,0.3599,MEDIUM,RailSync synthetic prototype training data
RS-ML-10368,TDMS,PANTOGRAPH_ENTANGLEMENT_RISK,NDLS-CNB-07,4,0.6,21.4,63,0,1,84.8,180,0.92,0.3554,MEDIUM,RailSync synthetic prototype training data
RS-ML-10369,TDMS,NEUTRAL_SECTION_ARCING,NDLS-CNB-07,3,3.4,4.5,97,0,5,73.2,90,0.59,0.4374,HIGH,RailSync synthetic prototype training data
RS-ML-10370,TMS,WELD_FRACTURE,CNB-MGS-01,3,4.4,29.7,71,1,3,50.8,180,0.49,0.4373,HIGH,RailSync synthetic prototype training data
RS-ML-10371,TMS,WELD_FRACTURE,CNB-MGS-01,5,0.2,8.8,346,7,4,90.7,240,0.67,0.8027,CRITICAL,RailSync synthetic prototype training data
RS-ML-10372,TDMS,CATENARY_TENSION_LOW,HWH-MGS-03,2,0.0,2.1,197,2,5,74.7,30,0.52,0.3532,MEDIUM,RailSync synthetic prototype training data
RS-ML-10373,TMS,SLEEPER_LOOSENING,HWH-MGS-03,4,0.2,2.0,201,1,3,65.7,120,0.75,0.5106,HIGH,RailSync synthetic prototype training data
RS-ML-10374,TMS,RAIL_CORRUGATION,HWH-MGS-03,2,0.0,35.0,356,1,4,45.3,45,0.21,0.3399,MEDIUM,RailSync synthetic prototype training data
RS-ML-10375,SMMS,CABLE_INSULATION_LOW,HWH-MGS-03,2,0.8,1.4,235,1,4,45.3,150,0.67,0.3308,MEDIUM,RailSync synthetic prototype training data
RS-ML-10376,TDMS,PANTOGRAPH_ENTANGLEMENT_RISK,NDLS-HWH-01,3,1.7,27.0,327,1,5,75.8,60,0.39,0.4634,HIGH,RailSync synthetic prototype training data
RS-ML-10377,TDMS,PANTOGRAPH_ENTANGLEMENT_RISK,NDLS-CNB-07,5,0.0,7.2,29,1,4,56.9,60,0.16,0.4634,HIGH,RailSync synthetic prototype training data
RS-ML-10378,TMS,SLEEPER_LOOSENING,NDLS-HWH-01,3,5.8,10.0,237,1,5,91.6,90,0.25,0.5519,HIGH,RailSync synthetic prototype training data
RS-ML-10379,TMS,TURNOUT_WEAR,NDLS-HWH-01,1,0.8,21.0,320,2,2,48.7,150,0.08,0.2914,MEDIUM,RailSync synthetic prototype training data
RS-ML-10380,TDMS,NEUTRAL_SECTION_ARCING,CNB-MGS-01,4,0.0,2.3,216,7,3,75.7,60,0.92,0.6475,CRITICAL,RailSync synthetic prototype training data
RS-ML-10381,TMS,GAUGE_CORRECTION,CNB-MGS-01,2,0.2,14.7,37,3,4,47.9,120,0.35,0.3315,MEDIUM,RailSync synthetic prototype training data
RS-ML-10382,TMS,SLEEPER_LOOSENING,NDLS-CNB-07,3,0.0,4.6,325,1,5,94.6,120,0.43,0.5153,HIGH,RailSync synthetic prototype training data
RS-ML-10383,SMMS,EARTH_LEAKAGE,CNB-MGS-01,4,2.4,23.5,257,1,2,91.7,90,0.69,0.5324,HIGH,RailSync synthetic prototype training data
RS-ML-10384,TDMS,OHE_DROPPER_SNAP,NDLS-HWH-01,3,0.0,24.0,63,2,5,98.4,180,0.09,0.4026,HIGH,RailSync synthetic prototype training data
RS-ML-10385,TMS,DRAINAGE_CLEARANCE,NDLS-CNB-07,3,1.4,10.0,37,0,1,46.7,150,0.36,0.2977,MEDIUM,RailSync synthetic prototype training data
RS-ML-10386,SMMS,EARTH_LEAKAGE,NDLS-HWH-01,3,2.3,7.8,176,5,1,77.8,240,0.19,0.4764,HIGH,RailSync synthetic prototype training data
RS-ML-10387,TDMS,FEEDER_BREAKER_TRIP,HWH-MGS-03,4,1.3,2.6,269,0,5,41.1,150,0.77,0.4893,HIGH,RailSync synthetic prototype training data
RS-ML-10388,TDMS,CONTACT_WIRE_WEAR,NDLS-HWH-01,4,0.0,11.0,18,0,5,89.3,180,0.22,0.4169,HIGH,RailSync synthetic prototype training data
RS-ML-10389,TMS,FISHPLATE_CRACK,NDLS-HWH-01,2,1.3,3.8,124,1,5,57.7,45,0.39,0.3908,HIGH,RailSync synthetic prototype training data
RS-ML-10390,TMS,SLEEPER_LOOSENING,NDLS-HWH-01,2,0.0,1.4,250,4,3,94.0,120,0.75,0.566,CRITICAL,RailSync synthetic prototype training data
RS-ML-10391,TDMS,ISOLATOR_SWITCH_JAM,NDLS-CNB-07,1,0.0,1.9,201,2,1,80.2,45,0.35,0.3082,MEDIUM,RailSync synthetic prototype training data
RS-ML-10392,TDMS,CANTILEVER_INSULATOR_FLASH,CNB-MGS-01,1,0.0,28.9,330,4,2,56.8,150,0.75,0.399,HIGH,RailSync synthetic prototype training data
RS-ML-10393,TMS,TRACK_TWIST,NDLS-HWH-01,5,0.0,21.5,55,0,3,55.9,120,0.57,0.4277,HIGH,RailSync synthetic prototype training data
RS-ML-10394,TMS,GAUGE_CORRECTION,CNB-MGS-01,2,0.4,2.4,17,1,1,45.0,180,0.21,0.154,LOW,RailSync synthetic prototype training data
RS-ML-10395,TDMS,FEEDER_BREAKER_TRIP,CNB-MGS-01,2,0.0,31.2,346,3,4,73.2,45,0.78,0.4734,HIGH,RailSync synthetic prototype training data
RS-ML-10396,TDMS,FEEDER_BREAKER_TRIP,NDLS-HWH-01,2,0.5,26.2,241,1,5,55.1,150,0.4,0.3855,HIGH,RailSync synthetic prototype training data
RS-ML-10397,TDMS,CONTACT_WIRE_WEAR,HWH-MGS-03,2,0.7,3.0,60,1,3,75.4,60,0.51,0.2265,MEDIUM,RailSync synthetic prototype training data
RS-ML-10398,TMS,LC_FLANGEWAY_CLEAN,NDLS-HWH-01,2,1.9,24.9,157,1,5,54.3,60,0.93,0.4094,HIGH,RailSync synthetic prototype training data
RS-ML-10399,TDMS,MAST_EARTHING_LOOSE,HWH-MGS-03,2,0.3,13.3,358,0,5,88.9,45,0.58,0.4016,HIGH,RailSync synthetic prototype training data
RS-ML-10400,SMMS,DATA_LOGGER_FAIL,NDLS-HWH-01,3,0.0,7.1,210,0,5,85.1,180,0.34,0.4094,HIGH,RailSync synthetic prototype training data
RS-ML-10401,TMS,RAIL_CORRUGATION,NDLS-HWH-01,3,0.0,25.3,234,1,5,66.2,90,0.66,0.4994,HIGH,RailSync synthetic prototype training data
RS-ML-10402,TMS,TURNOUT_WEAR,CNB-MGS-01,4,3.3,35.6,179,7,5,63.6,60,0.82,0.8257,CRITICAL,RailSync synthetic prototype training data
RS-ML-10403,TDMS,OHE_DROPPER_SNAP,CNB-MGS-01,3,1.8,11.1,18,0,3,81.6,180,0.39,0.3218,MEDIUM,RailSync synthetic prototype training data
RS-ML-10404,SMMS,AXLE_COUNTER_RESET,HWH-MGS-03,1,0.0,21.3,187,3,2,47.9,45,0.63,0.3681,MEDIUM,RailSync synthetic prototype training data
RS-ML-10405,SMMS,AXLE_COUNTER_RESET,NDLS-HWH-01,1,9.3,30.7,236,4,5,50.5,180,0.55,0.633,CRITICAL,RailSync synthetic prototype training data
RS-ML-10406,SMMS,RELAY_CHATTER,NDLS-CNB-07,1,4.4,23.2,298,1,3,64.0,150,0.08,0.3771,MEDIUM,RailSync synthetic prototype training data
RS-ML-10407,TMS,TURNOUT_WEAR,HWH-MGS-03,4,5.3,3.5,272,7,4,70.2,45,0.27,0.7493,CRITICAL,RailSync synthetic prototype training data
RS-ML-10408,SMMS,INTERLOCKING_CIRCUIT_FAULT,CNB-MGS-01,4,2.5,34.4,276,3,4,73.6,150,0.43,0.7073,CRITICAL,RailSync synthetic prototype training data
RS-ML-10409,TMS,WELD_FRACTURE,CNB-MGS-01,5,3.0,21.6,34,2,3,87.3,30,0.31,0.5622,CRITICAL,RailSync synthetic prototype training data
RS-ML-10410,TMS,SEJ_GAP_ABNORMAL,NDLS-HWH-01,3,0.0,10.9,70,2,3,40.8,45,0.59,0.4205,HIGH,RailSync synthetic prototype training data
RS-ML-10411,SMMS,RELAY_CHATTER,NDLS-CNB-07,2,0.1,26.8,251,0,1,96.6,60,0.8,0.3201,MEDIUM,RailSync synthetic prototype training data
RS-ML-10412,TDMS,MAST_EARTHING_LOOSE,HWH-MGS-03,1,6.5,17.0,329,0,1,77.6,45,0.1,0.2542,MEDIUM,RailSync synthetic prototype training data
RS-ML-10413,SMMS,DATA_LOGGER_FAIL,NDLS-CNB-07,2,2.0,27.0,245,0,3,94.2,240,0.39,0.3958,HIGH,RailSync synthetic prototype training data
RS-ML-10414,TMS,SEJ_GAP_ABNORMAL,NDLS-HWH-01,1,8.8,20.4,184,5,3,59.6,120,0.77,0.5774,CRITICAL,RailSync synthetic prototype training data
RS-ML-10415,SMMS,SIGNAL_LAMP_FUSED,NDLS-CNB-07,2,0.0,25.9,95,0,1,88.7,30,0.42,0.2843,MEDIUM,RailSync synthetic prototype training data
RS-ML-10416,SMMS,POWER_SUPPLY_FLUCTUATION,CNB-MGS-01,1,0.2,11.1,101,0,5,78.4,90,0.91,0.2304,MEDIUM,RailSync synthetic prototype training data
RS-ML-10417,TMS,TURNOUT_WEAR,NDLS-CNB-07,2,7.9,29.1,334,1,2,54.8,240,0.64,0.4438,HIGH,RailSync synthetic prototype training data
RS-ML-10418,TMS,USFD_MICRO_CRACK,CNB-MGS-01,3,0.0,26.5,344,3,2,85.7,120,0.75,0.5363,HIGH,RailSync synthetic prototype training data
RS-ML-10419,TMS,GAUGE_CORRECTION,NDLS-CNB-07,2,0.0,18.9,105,2,4,46.3,180,0.25,0.368,MEDIUM,RailSync synthetic prototype training data
RS-ML-10420,SMMS,POWER_SUPPLY_FLUCTUATION,CNB-MGS-01,1,0.1,3.2,295,2,4,48.7,30,0.89,0.3364,MEDIUM,RailSync synthetic prototype training data
RS-ML-10421,SMMS,CABLE_INSULATION_LOW,NDLS-HWH-01,2,4.6,35.7,254,1,1,71.6,30,0.4,0.3901,HIGH,RailSync synthetic prototype training data
RS-ML-10422,SMMS,POWER_SUPPLY_FLUCTUATION,NDLS-HWH-01,2,0.0,35.6,186,0,1,77.0,45,0.38,0.305,MEDIUM,RailSync synthetic prototype training data
RS-ML-10423,TDMS,NEUTRAL_SECTION_ARCING,NDLS-CNB-07,1,0.0,2.0,199,2,4,92.4,150,0.49,0.3171,MEDIUM,RailSync synthetic prototype training data
RS-ML-10424,TDMS,FEEDER_BREAKER_TRIP,NDLS-CNB-07,1,0.0,7.7,306,0,5,77.6,240,0.53,0.3103,MEDIUM,RailSync synthetic prototype training data
RS-ML-10425,TDMS,OHE_DROPPER_SNAP,CNB-MGS-01,3,0.0,30.0,24,1,5,66.8,60,0.72,0.354,MEDIUM,RailSync synthetic prototype training data
RS-ML-10426,TMS,TRACK_TWIST,NDLS-HWH-01,5,0.2,18.8,12,1,2,40.8,30,0.86,0.4517,HIGH,RailSync synthetic prototype training data
RS-ML-10427,SMMS,EARTH_LEAKAGE,NDLS-HWH-01,3,0.2,4.5,257,1,2,64.9,180,0.34,0.3778,MEDIUM,RailSync synthetic prototype training data
RS-ML-10428,TDMS,ISOLATOR_SWITCH_JAM,NDLS-CNB-07,2,1.4,36.7,112,3,1,56.0,180,0.2,0.3385,MEDIUM,RailSync synthetic prototype training data
RS-ML-10429,TMS,TURNOUT_WEAR,NDLS-HWH-01,1,0.1,30.2,326,2,4,44.7,30,0.21,0.3774,MEDIUM,RailSync synthetic prototype training data
RS-ML-10430,TMS,DRAINAGE_CLEARANCE,CNB-MGS-01,2,0.0,30.8,246,2,3,70.6,180,0.27,0.4586,HIGH,RailSync synthetic prototype training data
RS-ML-10431,SMMS,POWER_SUPPLY_FLUCTUATION,NDLS-HWH-01,3,0.7,29.8,181,1,5,97.1,150,0.83,0.5563,HIGH,RailSync synthetic prototype training data
RS-ML-10432,TDMS,ISOLATOR_SWITCH_JAM,NDLS-CNB-07,2,0.0,24.0,109,0,2,80.1,240,0.5,0.2911,MEDIUM,RailSync synthetic prototype training data
RS-ML-10433,TMS,FISHPLATE_CRACK,CNB-MGS-01,1,0.2,9.9,318,3,1,94.1,60,0.19,0.4258,HIGH,RailSync synthetic prototype training data
RS-ML-10434,TMS,SEJ_GAP_ABNORMAL,NDLS-HWH-01,1,0.0,9.3,230,1,2,83.7,150,0.26,0.3099,MEDIUM,RailSync synthetic prototype training data
RS-ML-10435,TMS,BALLAST_DEFICIENCY,NDLS-CNB-07,2,0.0,8.8,244,1,4,48.5,240,0.21,0.3788,MEDIUM,RailSync synthetic prototype training data
RS-ML-10436,TMS,USFD_MICRO_CRACK,NDLS-CNB-07,3,0.0,37.1,106,0,5,43.5,60,0.15,0.3399,MEDIUM,RailSync synthetic prototype training data
RS-ML-10437,TDMS,CATENARY_TENSION_LOW,CNB-MGS-01,3,3.0,30.1,329,5,5,90.0,45,0.42,0.7039,CRITICAL,RailSync synthetic prototype training data
RS-ML-10438,SMMS,SIGNAL_LAMP_FUSED,HWH-MGS-03,3,0.0,11.0,222,2,3,65.4,90,0.85,0.4584,HIGH,RailSync synthetic prototype training data
RS-ML-10439,SMMS,POINT_MACHINE_FAILURE,HWH-MGS-03,5,1.9,2.0,243,2,4,68.0,45,0.46,0.6186,CRITICAL,RailSync synthetic prototype training data
RS-ML-10440,TMS,SEJ_GAP_ABNORMAL,NDLS-HWH-01,3,0.0,15.7,114,0,1,40.9,120,0.2,0.2298,MEDIUM,RailSync synthetic prototype training data
RS-ML-10441,SMMS,POWER_SUPPLY_FLUCTUATION,HWH-MGS-03,3,3.4,33.3,210,0,1,90.3,45,0.4,0.4305,HIGH,RailSync synthetic prototype training data
RS-ML-10442,SMMS,DATA_LOGGER_FAIL,NDLS-HWH-01,2,5.5,28.7,360,5,1,76.3,150,0.71,0.6615,CRITICAL,RailSync synthetic prototype training data
RS-ML-10443,SMMS,POINT_MACHINE_FAILURE,NDLS-HWH-01,4,0.0,18.0,23,1,5,81.2,90,0.17,0.4531,HIGH,RailSync synthetic prototype training data
RS-ML-10444,TMS,SEJ_GAP_ABNORMAL,NDLS-HWH-01,3,4.9,28.2,300,4,2,58.7,120,0.5,0.6131,CRITICAL,RailSync synthetic prototype training data
RS-ML-10445,TMS,USFD_MICRO_CRACK,HWH-MGS-03,2,2.7,31.6,243,2,3,66.4,150,0.77,0.4988,HIGH,RailSync synthetic prototype training data
RS-ML-10446,TDMS,CANTILEVER_INSULATOR_FLASH,NDLS-CNB-07,3,0.0,17.7,44,1,1,46.4,120,0.15,0.2583,MEDIUM,RailSync synthetic prototype training data
RS-ML-10447,TMS,DRAINAGE_CLEARANCE,NDLS-HWH-01,2,1.9,36.9,280,5,1,57.1,45,0.07,0.5399,HIGH,RailSync synthetic prototype training data
RS-ML-10448,TDMS,ISOLATOR_SWITCH_JAM,CNB-MGS-01,2,3.8,13.4,333,3,5,89.3,240,0.46,0.4844,HIGH,RailSync synthetic prototype training data
RS-ML-10449,TMS,GAUGE_CORRECTION,NDLS-CNB-07,2,0.0,36.9,27,0,2,76.2,60,0.69,0.239,MEDIUM,RailSync synthetic prototype training data
RS-ML-10450,TMS,RAIL_CORRUGATION,NDLS-CNB-07,1,1.6,4.9,165,1,2,72.9,30,0.65,0.3014,MEDIUM,RailSync synthetic prototype training data
RS-ML-10451,TMS,RAIL_CORRUGATION,CNB-MGS-01,1,9.2,1.4,258,3,2,40.3,150,0.63,0.4595,HIGH,RailSync synthetic prototype training data
RS-ML-10452,TMS,GAUGE_CORRECTION,NDLS-CNB-07,3,0.0,27.8,229,0,4,92.7,60,0.66,0.4799,HIGH,RailSync synthetic prototype training data
RS-ML-10453,SMMS,SIGNAL_LAMP_FUSED,HWH-MGS-03,2,0.9,12.7,314,2,3,51.4,45,0.53,0.4049,HIGH,RailSync synthetic prototype training data
RS-ML-10454,TMS,DRAINAGE_CLEARANCE,NDLS-HWH-01,4,10.1,15.3,254,0,3,63.3,180,0.38,0.5792,CRITICAL,RailSync synthetic prototype training data
RS-ML-10455,TMS,USFD_MICRO_CRACK,NDLS-HWH-01,1,0.0,33.8,215,3,4,82.6,180,0.18,0.4489,HIGH,RailSync synthetic prototype training data
RS-ML-10456,SMMS,INTERLOCKING_CIRCUIT_FAULT,NDLS-CNB-07,4,0.0,18.3,271,7,5,84.2,45,0.06,0.6797,CRITICAL,RailSync synthetic prototype training data
RS-ML-10457,TMS,USFD_MICRO_CRACK,NDLS-CNB-07,1,0.0,31.7,151,1,3,88.8,120,0.49,0.3001,MEDIUM,RailSync synthetic prototype training data
RS-ML-10458,SMMS,SIGNAL_LAMP_FUSED,NDLS-HWH-01,3,2.2,6.3,156,5,3,64.4,240,0.87,0.5776,CRITICAL,RailSync synthetic prototype training data
RS-ML-10459,TDMS,FEEDER_BREAKER_TRIP,NDLS-HWH-01,2,3.5,14.1,249,1,4,97.0,45,0.39,0.4384,HIGH,RailSync synthetic prototype training data
RS-ML-10460,SMMS,POINT_MACHINE_FAILURE,CNB-MGS-01,3,1.5,2.7,166,1,1,56.0,180,0.62,0.3618,MEDIUM,RailSync synthetic prototype training data
RS-ML-10461,TMS,DRAINAGE_CLEARANCE,NDLS-HWH-01,2,0.6,29.2,96,3,3,91.0,120,0.29,0.4301,HIGH,RailSync synthetic prototype training data
RS-ML-10462,SMMS,RELAY_CHATTER,NDLS-HWH-01,2,1.6,13.7,76,0,4,64.1,60,0.14,0.2738,MEDIUM,RailSync synthetic prototype training data
RS-ML-10463,TMS,SEJ_GAP_ABNORMAL,NDLS-HWH-01,2,2.3,34.9,62,3,3,80.4,60,0.79,0.4766,HIGH,RailSync synthetic prototype training data
RS-ML-10464,TDMS,ISOLATOR_SWITCH_JAM,CNB-MGS-01,1,0.5,11.9,63,0,2,58.0,90,0.17,0.1598,LOW,RailSync synthetic prototype training data
RS-ML-10465,TDMS,CANTILEVER_INSULATOR_FLASH,NDLS-HWH-01,3,0.0,28.9,24,0,5,74.7,240,0.16,0.3426,MEDIUM,RailSync synthetic prototype training data
RS-ML-10466,TMS,TRACK_TWIST,CNB-MGS-01,5,0.0,28.8,66,5,2,50.8,150,0.08,0.6441,CRITICAL,RailSync synthetic prototype training data
RS-ML-10467,TMS,TURNOUT_WEAR,CNB-MGS-01,2,0.4,32.6,316,0,5,84.6,90,0.69,0.4794,HIGH,RailSync synthetic prototype training data
RS-ML-10468,TDMS,PANTOGRAPH_ENTANGLEMENT_RISK,NDLS-HWH-01,5,2.3,4.2,112,5,5,50.8,45,0.21,0.6542,CRITICAL,RailSync synthetic prototype training data
RS-ML-10469,TMS,SLEEPER_LOOSENING,HWH-MGS-03,1,2.4,37.4,66,1,3,81.2,30,0.12,0.311,MEDIUM,RailSync synthetic prototype training data
RS-ML-10470,SMMS,CABLE_INSULATION_LOW,CNB-MGS-01,2,2.8,28.1,354,6,3,97.6,180,0.22,0.6468,CRITICAL,RailSync synthetic prototype training data
RS-ML-10471,SMMS,RELAY_CHATTER,NDLS-CNB-07,1,3.8,25.8,347,0,1,47.0,180,0.41,0.283,MEDIUM,RailSync synthetic prototype training data
RS-ML-10472,SMMS,INTERLOCKING_CIRCUIT_FAULT,NDLS-CNB-07,3,1.8,37.1,176,0,2,89.0,240,0.3,0.3925,HIGH,RailSync synthetic prototype training data
RS-ML-10473,TMS,DRAINAGE_CLEARANCE,HWH-MGS-03,2,0.6,25.5,210,7,4,46.3,120,0.49,0.5118,HIGH,RailSync synthetic prototype training data
RS-ML-10474,TMS,RAIL_CORRUGATION,NDLS-HWH-01,1,0.0,2.5,37,1,2,62.4,150,0.19,0.1538,LOW,RailSync synthetic prototype training data
RS-ML-10475,TMS,SEJ_GAP_ABNORMAL,HWH-MGS-03,3,2.7,8.1,341,1,5,72.0,30,0.94,0.5345,HIGH,RailSync synthetic prototype training data
RS-ML-10476,TDMS,CANTILEVER_INSULATOR_FLASH,HWH-MGS-03,2,0.0,32.5,229,1,5,78.6,120,0.85,0.4576,HIGH,RailSync synthetic prototype training data
RS-ML-10477,TMS,BALLAST_DEFICIENCY,HWH-MGS-03,3,3.0,21.8,254,2,4,72.9,60,0.51,0.5915,CRITICAL,RailSync synthetic prototype training data
RS-ML-10478,TMS,USFD_MICRO_CRACK,HWH-MGS-03,3,0.0,13.7,148,0,1,47.5,150,0.36,0.2963,MEDIUM,RailSync synthetic prototype training data
RS-ML-10479,TDMS,CONTACT_WIRE_WEAR,HWH-MGS-03,1,0.0,13.4,185,1,2,54.5,120,0.58,0.2258,MEDIUM,RailSync synthetic prototype training data
RS-ML-10480,TDMS,CANTILEVER_INSULATOR_FLASH,CNB-MGS-01,1,7.0,6.9,278,0,5,70.1,180,0.29,0.3499,MEDIUM,RailSync synthetic prototype training data
RS-ML-10481,TDMS,MAST_EARTHING_LOOSE,HWH-MGS-03,2,1.4,4.2,253,0,5,87.5,150,0.2,0.3281,MEDIUM,RailSync synthetic prototype training data
RS-ML-10482,TMS,BALLAST_DEFICIENCY,NDLS-CNB-07,2,1.2,32.3,41,3,1,57.4,180,0.77,0.3137,MEDIUM,RailSync synthetic prototype training data
RS-ML-10483,SMMS,EARTH_LEAKAGE,NDLS-HWH-01,2,0.8,10.8,293,3,1,78.1,120,0.5,0.3686,MEDIUM,RailSync synthetic prototype training data
RS-ML-10484,TMS,DRAINAGE_CLEARANCE,CNB-MGS-01,1,2.8,15.6,322,1,1,76.7,60,0.57,0.3484,MEDIUM,RailSync synthetic prototype training data
RS-ML-10485,SMMS,POWER_SUPPLY_FLUCTUATION,CNB-MGS-01,4,9.5,20.5,317,4,1,70.6,150,0.47,0.7816,CRITICAL,RailSync synthetic prototype training data
RS-ML-10486,TMS,LC_FLANGEWAY_CLEAN,CNB-MGS-01,3,1.1,15.9,35,2,3,77.8,120,0.67,0.4247,HIGH,RailSync synthetic prototype training data
RS-ML-10487,TMS,WELD_FRACTURE,NDLS-CNB-07,5,3.6,12.1,251,1,1,51.8,120,0.17,0.5738,CRITICAL,RailSync synthetic prototype training data
RS-ML-10488,TMS,GAUGE_CORRECTION,NDLS-CNB-07,3,0.0,2.1,251,3,1,58.4,120,0.83,0.5074,HIGH,RailSync synthetic prototype training data
RS-ML-10489,TMS,DRAINAGE_CLEARANCE,NDLS-HWH-01,2,2.4,32.0,74,0,1,70.5,120,0.5,0.2604,MEDIUM,RailSync synthetic prototype training data
RS-ML-10490,TMS,TURNOUT_WEAR,NDLS-HWH-01,3,4.8,12.3,302,2,4,52.8,45,0.21,0.5721,CRITICAL,RailSync synthetic prototype training data
RS-ML-10491,TMS,TURNOUT_WEAR,NDLS-HWH-01,2,4.0,14.6,60,0,3,91.4,60,0.38,0.319,MEDIUM,RailSync synthetic prototype training data
RS-ML-10492,SMMS,TRACK_CIRCUIT_DROP,NDLS-HWH-01,3,9.9,34.4,20,3,2,54.8,180,0.33,0.5391,HIGH,RailSync synthetic prototype training data
RS-ML-10493,TDMS,CANTILEVER_INSULATOR_FLASH,NDLS-CNB-07,3,1.3,15.1,204,5,2,57.4,60,0.87,0.5611,CRITICAL,RailSync synthetic prototype training data
RS-ML-10494,SMMS,CABLE_INSULATION_LOW,NDLS-HWH-01,2,6.4,3.5,254,1,4,91.3,45,0.79,0.4811,HIGH,RailSync synthetic prototype training data
RS-ML-10495,TMS,TURNOUT_WEAR,CNB-MGS-01,2,0.0,1.5,29,2,4,86.3,60,0.05,0.2864,MEDIUM,RailSync synthetic prototype training data
RS-ML-10496,TMS,GAUGE_CORRECTION,CNB-MGS-01,2,6.2,4.7,130,1,2,89.5,180,0.76,0.3986,HIGH,RailSync synthetic prototype training data
RS-ML-10497,SMMS,TRACK_CIRCUIT_DROP,NDLS-CNB-07,3,0.7,31.5,147,0,4,95.3,90,0.07,0.4317,HIGH,RailSync synthetic prototype training data
RS-ML-10498,TMS,SEJ_GAP_ABNORMAL,NDLS-CNB-07,4,0.2,37.0,104,0,5,65.1,120,0.18,0.4776,HIGH,RailSync synthetic prototype training data
RS-ML-10499,SMMS,POINT_MACHINE_FAILURE,HWH-MGS-03,5,0.0,35.3,347,1,2,51.1,120,0.31,0.5359,HIGH,RailSync synthetic prototype training data
RS-ML-10500,SMMS,AXLE_COUNTER_RESET,HWH-MGS-03,3,0.0,23.0,147,2,2,63.9,60,0.08,0.4119,HIGH,RailSync synthetic prototype training data
RS-ML-10501,SMMS,SIGNAL_LAMP_FUSED,CNB-MGS-01,2,0.0,24.8,46,0,3,97.0,180,0.67,0.2762,MEDIUM,RailSync synthetic prototype training data
RS-ML-10502,SMMS,CABLE_INSULATION_LOW,CNB-MGS-01,1,0.0,21.4,29,0,3,98.3,30,0.05,0.1427,LOW,RailSync synthetic prototype training data
RS-ML-10503,TDMS,CONTACT_WIRE_WEAR,NDLS-CNB-07,4,0.0,21.5,300,0,4,94.4,240,0.17,0.4839,HIGH,RailSync synthetic prototype training data
RS-ML-10504,TMS,SEJ_GAP_ABNORMAL,HWH-MGS-03,1,12.7,4.9,25,6,3,83.7,180,0.3,0.5602,CRITICAL,RailSync synthetic prototype training data
RS-ML-10505,TDMS,NEUTRAL_SECTION_ARCING,CNB-MGS-01,2,0.0,6.7,254,3,4,43.1,60,0.1,0.3726,MEDIUM,RailSync synthetic prototype training data
RS-ML-10506,TMS,USFD_MICRO_CRACK,CNB-MGS-01,1,0.1,18.0,62,7,3,97.8,240,0.46,0.462,HIGH,RailSync synthetic prototype training data
RS-ML-10507,TMS,FISHPLATE_CRACK,NDLS-HWH-01,1,2.9,11.2,89,2,5,52.4,30,0.52,0.3753,MEDIUM,RailSync synthetic prototype training data
RS-ML-10508,SMMS,CABLE_INSULATION_LOW,NDLS-HWH-01,1,0.0,19.2,51,4,1,63.1,45,0.8,0.3096,MEDIUM,RailSync synthetic prototype training data
RS-ML-10509,TDMS,FEEDER_BREAKER_TRIP,HWH-MGS-03,3,3.7,10.6,339,0,4,59.0,60,0.24,0.432,HIGH,RailSync synthetic prototype training data
RS-ML-10510,TMS,DRAINAGE_CLEARANCE,CNB-MGS-01,2,0.3,2.6,39,1,3,50.4,180,0.13,0.2492,MEDIUM,RailSync synthetic prototype training data
RS-ML-10511,TDMS,NEUTRAL_SECTION_ARCING,NDLS-CNB-07,1,8.2,18.9,224,2,5,47.7,45,0.8,0.4544,HIGH,RailSync synthetic prototype training data
RS-ML-10512,SMMS,POWER_SUPPLY_FLUCTUATION,HWH-MGS-03,3,0.0,18.4,291,2,4,87.4,60,0.44,0.5047,HIGH,RailSync synthetic prototype training data
RS-ML-10513,TMS,USFD_MICRO_CRACK,NDLS-CNB-07,3,0.3,27.3,256,1,4,65.6,240,0.32,0.4834,HIGH,RailSync synthetic prototype training data
RS-ML-10514,TDMS,NEUTRAL_SECTION_ARCING,NDLS-CNB-07,2,2.5,11.6,27,1,5,64.9,45,0.47,0.3034,MEDIUM,RailSync synthetic prototype training data
RS-ML-10515,TMS,TURNOUT_WEAR,NDLS-HWH-01,3,6.5,1.1,341,1,1,44.9,120,0.33,0.3924,HIGH,RailSync synthetic prototype training data
RS-ML-10516,SMMS,POWER_SUPPLY_FLUCTUATION,CNB-MGS-01,2,0.0,34.9,98,0,5,55.2,45,0.44,0.3347,MEDIUM,RailSync synthetic prototype training data
RS-ML-10517,TMS,DRAINAGE_CLEARANCE,HWH-MGS-03,2,2.3,15.7,339,6,5,87.6,150,0.67,0.6487,CRITICAL,RailSync synthetic prototype training data
RS-ML-10518,TDMS,MAST_EARTHING_LOOSE,CNB-MGS-01,1,0.0,5.6,100,0,2,90.3,90,0.48,0.185,LOW,RailSync synthetic prototype training data
RS-ML-10519,TDMS,ISOLATOR_SWITCH_JAM,NDLS-CNB-07,1,0.0,29.4,78,1,2,92.8,240,0.92,0.2722,MEDIUM,RailSync synthetic prototype training data
RS-ML-10520,SMMS,POWER_SUPPLY_FLUCTUATION,NDLS-CNB-07,1,0.0,21.9,203,0,4,97.3,240,0.71,0.2802,MEDIUM,RailSync synthetic prototype training data
RS-ML-10521,TMS,USFD_MICRO_CRACK,HWH-MGS-03,2,7.1,22.7,316,5,2,81.8,30,0.43,0.6164,CRITICAL,RailSync synthetic prototype training data
RS-ML-10522,TMS,TRACK_TWIST,CNB-MGS-01,5,3.6,16.1,245,0,4,80.8,30,0.2,0.6022,CRITICAL,RailSync synthetic prototype training data
RS-ML-10523,TMS,SEJ_GAP_ABNORMAL,NDLS-CNB-07,2,2.2,26.2,311,4,3,82.3,180,0.91,0.5504,HIGH,RailSync synthetic prototype training data
RS-ML-10524,TDMS,CONTACT_WIRE_WEAR,HWH-MGS-03,3,0.3,32.2,321,0,4,47.6,90,0.19,0.338,MEDIUM,RailSync synthetic prototype training data
RS-ML-10525,TDMS,FEEDER_BREAKER_TRIP,CNB-MGS-01,1,0.0,21.4,12,1,2,50.2,30,0.78,0.1646,LOW,RailSync synthetic prototype training data
RS-ML-10526,TMS,TRACK_TWIST,NDLS-CNB-07,3,5.1,8.9,135,7,5,55.6,60,0.82,0.6894,CRITICAL,RailSync synthetic prototype training data
RS-ML-10527,TMS,WELD_FRACTURE,HWH-MGS-03,5,3.3,36.6,59,6,1,88.2,30,0.51,0.6723,CRITICAL,RailSync synthetic prototype training data
RS-ML-10528,TMS,TRACK_TWIST,NDLS-CNB-07,5,2.4,6.4,152,2,1,49.0,150,0.35,0.5691,CRITICAL,RailSync synthetic prototype training data
RS-ML-10529,TMS,BALLAST_DEFICIENCY,NDLS-HWH-01,1,0.0,30.8,177,0,3,61.8,180,0.37,0.3017,MEDIUM,RailSync synthetic prototype training data
RS-ML-10530,SMMS,AXLE_COUNTER_RESET,HWH-MGS-03,3,2.1,5.7,222,1,5,86.5,150,0.9,0.4685,HIGH,RailSync synthetic prototype training data
RS-ML-10531,SMMS,DATA_LOGGER_FAIL,NDLS-HWH-01,1,0.0,12.3,87,1,1,78.6,60,0.86,0.2286,MEDIUM,RailSync synthetic prototype training data
RS-ML-10532,TMS,DRAINAGE_CLEARANCE,CNB-MGS-01,2,1.3,33.7,286,4,3,40.5,120,0.86,0.5243,HIGH,RailSync synthetic prototype training data
RS-ML-10533,TMS,DRAINAGE_CLEARANCE,NDLS-CNB-07,3,7.7,23.9,319,2,4,85.4,120,0.13,0.61,CRITICAL,RailSync synthetic prototype training data
RS-ML-10534,SMMS,CABLE_INSULATION_LOW,NDLS-CNB-07,2,2.6,20.8,112,0,2,41.4,120,0.27,0.2526,MEDIUM,RailSync synthetic prototype training data
RS-ML-10535,TDMS,CANTILEVER_INSULATOR_FLASH,NDLS-HWH-01,3,0.0,10.2,262,1,1,66.3,30,0.46,0.3243,MEDIUM,RailSync synthetic prototype training data
RS-ML-10536,TDMS,ISOLATOR_SWITCH_JAM,NDLS-CNB-07,2,2.6,11.2,296,2,2,46.2,90,0.79,0.3894,HIGH,RailSync synthetic prototype training data
RS-ML-10537,SMMS,CABLE_INSULATION_LOW,NDLS-HWH-01,1,1.6,16.4,69,1,5,63.6,180,0.83,0.3011,MEDIUM,RailSync synthetic prototype training data
RS-ML-10538,SMMS,CABLE_INSULATION_LOW,HWH-MGS-03,3,0.0,36.0,216,3,2,68.4,240,0.17,0.473,HIGH,RailSync synthetic prototype training data
RS-ML-10539,TMS,SLEEPER_LOOSENING,HWH-MGS-03,2,3.2,28.5,289,1,4,46.5,150,0.56,0.3888,HIGH,RailSync synthetic prototype training data
RS-ML-10540,TMS,RAIL_CORRUGATION,NDLS-HWH-01,2,0.0,37.7,158,0,2,48.3,180,0.09,0.3235,MEDIUM,RailSync synthetic prototype training data
RS-ML-10541,TMS,LC_FLANGEWAY_CLEAN,HWH-MGS-03,1,3.0,21.0,37,4,5,66.5,150,0.75,0.3985,HIGH,RailSync synthetic prototype training data
RS-ML-10542,SMMS,EARTH_LEAKAGE,NDLS-CNB-07,3,0.6,19.4,238,3,3,45.2,180,0.4,0.5183,HIGH,RailSync synthetic prototype training data
RS-ML-10543,TMS,DRAINAGE_CLEARANCE,HWH-MGS-03,3,5.6,24.7,87,2,3,72.8,45,0.63,0.4947,HIGH,RailSync synthetic prototype training data
RS-ML-10544,TMS,TURNOUT_WEAR,NDLS-HWH-01,4,0.0,20.1,246,1,5,50.5,30,0.3,0.5511,HIGH,RailSync synthetic prototype training data
RS-ML-10545,TDMS,FEEDER_BREAKER_TRIP,NDLS-HWH-01,3,9.5,23.3,208,1,3,65.6,180,0.07,0.5687,CRITICAL,RailSync synthetic prototype training data
RS-ML-10546,SMMS,CABLE_INSULATION_LOW,CNB-MGS-01,1,0.0,37.2,280,0,3,84.9,60,0.33,0.2826,MEDIUM,RailSync synthetic prototype training data
RS-ML-10547,SMMS,RELAY_CHATTER,NDLS-CNB-07,1,0.0,2.7,202,0,3,55.1,45,0.1,0.2045,LOW,RailSync synthetic prototype training data
RS-ML-10548,TMS,TURNOUT_WEAR,NDLS-CNB-07,2,0.0,28.7,200,5,3,67.2,180,0.11,0.5654,CRITICAL,RailSync synthetic prototype training data
RS-ML-10549,TDMS,OHE_DROPPER_SNAP,CNB-MGS-01,4,5.4,22.5,54,0,3,73.2,240,0.13,0.4269,HIGH,RailSync synthetic prototype training data
RS-ML-10550,SMMS,SIGNAL_LAMP_FUSED,NDLS-CNB-07,2,8.5,37.4,128,1,4,42.4,240,0.92,0.4318,HIGH,RailSync synthetic prototype training data
RS-ML-10551,TMS,WELD_FRACTURE,HWH-MGS-03,4,0.0,9.9,351,1,2,74.2,120,0.09,0.446,HIGH,RailSync synthetic prototype training data
RS-ML-10552,SMMS,EARTH_LEAKAGE,NDLS-HWH-01,2,23.6,15.3,65,3,4,52.3,150,0.85,0.6015,CRITICAL,RailSync synthetic prototype training data
RS-ML-10553,TDMS,FEEDER_BREAKER_TRIP,CNB-MGS-01,1,1.4,37.4,177,0,2,77.8,30,0.6,0.2467,MEDIUM,RailSync synthetic prototype training data
RS-ML-10554,TMS,WELD_FRACTURE,NDLS-CNB-07,4,5.4,34.1,253,3,1,71.5,240,0.66,0.6284,CRITICAL,RailSync synthetic prototype training data
RS-ML-10555,TDMS,CONTACT_WIRE_WEAR,HWH-MGS-03,1,0.0,29.3,359,7,3,94.8,240,0.06,0.5182,HIGH,RailSync synthetic prototype training data
RS-ML-10556,SMMS,TRACK_CIRCUIT_DROP,CNB-MGS-01,1,0.9,31.1,323,0,4,96.6,30,0.3,0.3708,MEDIUM,RailSync synthetic prototype training data
RS-ML-10557,TMS,SLEEPER_LOOSENING,HWH-MGS-03,1,3.8,10.9,259,1,5,79.3,60,0.11,0.3707,MEDIUM,RailSync synthetic prototype training data
RS-ML-10558,TMS,TRACK_TWIST,NDLS-CNB-07,4,1.1,21.9,119,4,1,98.0,120,0.66,0.5984,CRITICAL,RailSync synthetic prototype training data
RS-ML-10559,TMS,DRAINAGE_CLEARANCE,NDLS-HWH-01,3,2.2,12.6,211,0,3,70.3,30,0.85,0.4411,HIGH,RailSync synthetic prototype training data
RS-ML-10560,TMS,GAUGE_CORRECTION,HWH-MGS-03,2,0.0,12.4,203,0,5,87.2,90,0.93,0.3952,HIGH,RailSync synthetic prototype training data
RS-ML-10561,TMS,RAIL_CORRUGATION,CNB-MGS-01,2,0.1,24.0,52,0,3,89.2,90,0.15,0.2744,MEDIUM,RailSync synthetic prototype training data
RS-ML-10562,TMS,FISHPLATE_CRACK,NDLS-HWH-01,3,3.4,20.0,124,5,1,76.6,45,0.13,0.5611,CRITICAL,RailSync synthetic prototype training data
RS-ML-10563,TMS,LC_FLANGEWAY_CLEAN,NDLS-HWH-01,3,2.0,2.8,229,0,1,79.6,30,0.32,0.3822,HIGH,RailSync synthetic prototype training data
RS-ML-10564,TMS,TRACK_TWIST,HWH-MGS-03,4,2.2,23.0,340,2,4,91.5,45,0.36,0.68,CRITICAL,RailSync synthetic prototype training data
RS-ML-10565,SMMS,RELAY_CHATTER,NDLS-CNB-07,1,8.2,1.0,37,1,2,77.3,120,0.37,0.2509,MEDIUM,RailSync synthetic prototype training data
RS-ML-10566,SMMS,EARTH_LEAKAGE,HWH-MGS-03,1,0.0,5.7,25,0,4,70.0,150,0.33,0.1951,LOW,RailSync synthetic prototype training data
RS-ML-10567,TMS,GAUGE_CORRECTION,CNB-MGS-01,2,0.2,36.9,268,1,5,87.9,30,0.43,0.4389,HIGH,RailSync synthetic prototype training data
RS-ML-10568,TMS,SLEEPER_LOOSENING,NDLS-CNB-07,3,2.2,13.3,344,1,3,89.8,150,0.6,0.4891,HIGH,RailSync synthetic prototype training data
RS-ML-10569,SMMS,POINT_MACHINE_FAILURE,HWH-MGS-03,4,0.8,0.6,117,2,4,83.0,150,0.78,0.5253,HIGH,RailSync synthetic prototype training data
RS-ML-10570,TMS,BALLAST_DEFICIENCY,NDLS-CNB-07,3,0.0,0.8,8,0,1,48.3,240,0.22,0.1604,LOW,RailSync synthetic prototype training data
RS-ML-10571,TMS,WELD_FRACTURE,NDLS-CNB-07,3,0.0,7.0,137,2,5,54.4,90,0.07,0.409,HIGH,RailSync synthetic prototype training data
RS-ML-10572,TDMS,CANTILEVER_INSULATOR_FLASH,NDLS-HWH-01,3,0.0,5.6,338,3,2,57.8,90,0.38,0.441,HIGH,RailSync synthetic prototype training data
RS-ML-10573,SMMS,EARTH_LEAKAGE,HWH-MGS-03,3,0.0,3.0,76,4,2,51.2,180,0.67,0.4397,HIGH,RailSync synthetic prototype training data
RS-ML-10574,TMS,BALLAST_DEFICIENCY,NDLS-CNB-07,4,5.5,29.1,303,0,3,54.5,120,0.84,0.6155,CRITICAL,RailSync synthetic prototype training data
RS-ML-10575,TDMS,CATENARY_TENSION_LOW,NDLS-HWH-01,3,4.9,30.2,317,0,5,61.9,240,0.21,0.4198,HIGH,RailSync synthetic prototype training data
RS-ML-10576,SMMS,DATA_LOGGER_FAIL,HWH-MGS-03,3,5.5,19.1,140,1,1,52.1,90,0.46,0.4018,HIGH,RailSync synthetic prototype training data
RS-ML-10577,TMS,BALLAST_DEFICIENCY,NDLS-CNB-07,4,1.2,14.5,284,0,5,60.6,30,0.47,0.5436,HIGH,RailSync synthetic prototype training data
RS-ML-10578,SMMS,CABLE_INSULATION_LOW,HWH-MGS-03,2,0.0,15.8,257,0,2,65.8,120,0.63,0.3042,MEDIUM,RailSync synthetic prototype training data
RS-ML-10579,TDMS,ISOLATOR_SWITCH_JAM,NDLS-HWH-01,3,0.0,35.2,53,0,5,51.7,90,0.66,0.3548,MEDIUM,RailSync synthetic prototype training data
RS-ML-10580,TMS,LC_FLANGEWAY_CLEAN,CNB-MGS-01,1,4.7,23.2,73,7,3,40.5,120,0.3,0.3733,MEDIUM,RailSync synthetic prototype training data
RS-ML-10581,TDMS,OHE_DROPPER_SNAP,HWH-MGS-03,5,0.0,37.6,79,4,2,67.8,240,0.7,0.6929,CRITICAL,RailSync synthetic prototype training data
RS-ML-10582,SMMS,INTERLOCKING_CIRCUIT_FAULT,CNB-MGS-01,5,6.7,16.6,360,1,1,61.9,60,0.33,0.5926,CRITICAL,RailSync synthetic prototype training data
RS-ML-10583,SMMS,RELAY_CHATTER,CNB-MGS-01,1,1.2,16.5,209,3,5,41.4,30,0.88,0.3807,HIGH,RailSync synthetic prototype training data
RS-ML-10584,TMS,FISHPLATE_CRACK,HWH-MGS-03,4,0.0,8.2,203,0,4,46.4,240,0.63,0.4485,HIGH,RailSync synthetic prototype training data
RS-ML-10585,SMMS,AXLE_COUNTER_RESET,NDLS-HWH-01,3,0.0,23.1,16,0,4,56.6,90,0.31,0.3063,MEDIUM,RailSync synthetic prototype training data
RS-ML-10586,SMMS,POWER_SUPPLY_FLUCTUATION,NDLS-HWH-01,2,0.6,0.9,170,4,1,47.6,180,0.48,0.4483,HIGH,RailSync synthetic prototype training data
RS-ML-10587,TDMS,PANTOGRAPH_ENTANGLEMENT_RISK,NDLS-CNB-07,4,9.8,31.2,343,1,5,51.9,240,0.3,0.6782,CRITICAL,RailSync synthetic prototype training data
RS-ML-10588,TMS,RAIL_CORRUGATION,HWH-MGS-03,1,7.4,15.5,129,1,4,67.1,30,0.71,0.377,MEDIUM,RailSync synthetic prototype training data
RS-ML-10589,SMMS,TRACK_CIRCUIT_DROP,HWH-MGS-03,3,0.0,30.9,92,1,5,82.9,240,0.4,0.4877,HIGH,RailSync synthetic prototype training data
RS-ML-10590,SMMS,EARTH_LEAKAGE,NDLS-HWH-01,2,0.0,36.0,125,4,5,57.1,45,0.68,0.49,HIGH,RailSync synthetic prototype training data
RS-ML-10591,SMMS,DATA_LOGGER_FAIL,NDLS-HWH-01,4,1.8,3.4,56,1,2,54.8,30,0.47,0.358,MEDIUM,RailSync synthetic prototype training data
RS-ML-10592,TMS,LC_FLANGEWAY_CLEAN,HWH-MGS-03,2,0.0,28.5,102,1,1,81.5,60,0.34,0.2998,MEDIUM,RailSync synthetic prototype training data
RS-ML-10593,TMS,SEJ_GAP_ABNORMAL,NDLS-CNB-07,3,0.7,16.9,244,3,1,75.5,60,0.31,0.4666,HIGH,RailSync synthetic prototype training data
RS-ML-10594,SMMS,CABLE_INSULATION_LOW,NDLS-CNB-07,1,0.7,29.1,349,0,1,92.2,90,0.45,0.3108,MEDIUM,RailSync synthetic prototype training data
RS-ML-10595,SMMS,INTERLOCKING_CIRCUIT_FAULT,HWH-MGS-03,5,5.1,17.1,309,0,2,61.9,90,0.23,0.5629,CRITICAL,RailSync synthetic prototype training data
RS-ML-10596,TMS,WELD_FRACTURE,NDLS-HWH-01,4,0.4,7.7,345,0,2,82.4,30,0.42,0.484,HIGH,RailSync synthetic prototype training data
RS-ML-10597,SMMS,SIGNAL_LAMP_FUSED,NDLS-CNB-07,4,0.0,15.3,222,0,3,58.9,30,0.41,0.4512,HIGH,RailSync synthetic prototype training data
RS-ML-10598,TMS,BALLAST_DEFICIENCY,NDLS-CNB-07,2,0.0,3.0,145,2,1,91.8,180,0.32,0.2694,MEDIUM,RailSync synthetic prototype training data
RS-ML-10599,TMS,SEJ_GAP_ABNORMAL,NDLS-CNB-07,2,4.0,4.1,169,7,2,59.4,150,0.93,0.4921,HIGH,RailSync synthetic prototype training data
RS-ML-10600,SMMS,INTERLOCKING_CIRCUIT_FAULT,CNB-MGS-01,3,0.9,34.7,232,1,5,81.2,30,0.26,0.4575,HIGH,RailSync synthetic prototype training data
RS-ML-10601,TMS,LC_FLANGEWAY_CLEAN,HWH-MGS-03,3,0.8,23.7,33,0,4,52.0,30,0.26,0.2787,MEDIUM,RailSync synthetic prototype training data
RS-ML-10602,SMMS,POWER_SUPPLY_FLUCTUATION,CNB-MGS-01,1,3.7,12.4,23,1,3,83.9,90,0.81,0.2581,MEDIUM,RailSync synthetic prototype training data
RS-ML-10603,SMMS,SIGNAL_LAMP_FUSED,NDLS-CNB-07,3,0.2,14.8,167,0,4,44.1,90,0.1,0.3532,MEDIUM,RailSync synthetic prototype training data
RS-ML-10604,TDMS,CATENARY_TENSION_LOW,NDLS-CNB-07,1,0.0,22.7,107,0,4,58.2,90,0.27,0.2037,LOW,RailSync synthetic prototype training data
RS-ML-10605,TMS,USFD_MICRO_CRACK,NDLS-CNB-07,2,0.0,29.8,43,5,4,49.8,240,0.43,0.4854,HIGH,RailSync synthetic prototype training data
RS-ML-10606,SMMS,CABLE_INSULATION_LOW,NDLS-CNB-07,3,0.3,30.3,13,3,3,74.8,60,0.55,0.4437,HIGH,RailSync synthetic prototype training data
RS-ML-10607,TMS,GAUGE_CORRECTION,HWH-MGS-03,2,0.6,18.5,173,0,2,40.2,150,0.49,0.3033,MEDIUM,RailSync synthetic prototype training data
RS-ML-10608,TDMS,MAST_EARTHING_LOOSE,CNB-MGS-01,2,17.1,12.0,304,0,1,62.5,60,0.22,0.4123,HIGH,RailSync synthetic prototype training data
RS-ML-10609,TDMS,CONTACT_WIRE_WEAR,HWH-MGS-03,3,4.7,14.3,32,2,2,67.9,150,0.62,0.4122,HIGH,RailSync synthetic prototype training data
RS-ML-10610,SMMS,AXLE_COUNTER_RESET,CNB-MGS-01,3,10.6,35.9,78,0,2,40.7,45,0.63,0.4585,HIGH,RailSync synthetic prototype training data
RS-ML-10611,SMMS,INTERLOCKING_CIRCUIT_FAULT,NDLS-CNB-07,5,0.0,6.7,221,0,5,78.5,180,0.58,0.5413,HIGH,RailSync synthetic prototype training data
RS-ML-10612,SMMS,INTERLOCKING_CIRCUIT_FAULT,NDLS-HWH-01,4,0.0,29.6,179,3,2,94.4,180,0.68,0.5981,CRITICAL,RailSync synthetic prototype training data
RS-ML-10613,SMMS,INTERLOCKING_CIRCUIT_FAULT,NDLS-HWH-01,5,0.7,16.2,216,2,3,50.9,60,0.23,0.5704,CRITICAL,RailSync synthetic prototype training data
RS-ML-10614,TMS,TRACK_TWIST,HWH-MGS-03,4,0.0,8.5,105,0,2,55.2,180,0.45,0.3781,MEDIUM,RailSync synthetic prototype training data
RS-ML-10615,SMMS,INTERLOCKING_CIRCUIT_FAULT,CNB-MGS-01,3,2.3,5.2,35,0,1,40.6,120,0.73,0.2432,MEDIUM,RailSync synthetic prototype training data
RS-ML-10616,TMS,TURNOUT_WEAR,NDLS-HWH-01,1,11.5,20.1,6,1,3,94.5,240,0.73,0.3754,MEDIUM,RailSync synthetic prototype training data
RS-ML-10617,SMMS,RELAY_CHATTER,CNB-MGS-01,3,13.0,35.8,343,1,3,87.2,30,0.46,0.6255,CRITICAL,RailSync synthetic prototype training data
RS-ML-10618,SMMS,AXLE_COUNTER_RESET,NDLS-HWH-01,3,1.0,33.1,146,5,4,76.2,240,0.51,0.6077,CRITICAL,RailSync synthetic prototype training data
RS-ML-10619,SMMS,RELAY_CHATTER,NDLS-HWH-01,3,0.0,33.3,169,2,4,63.4,45,0.36,0.4655,HIGH,RailSync synthetic prototype training data
RS-ML-10620,TDMS,FEEDER_BREAKER_TRIP,NDLS-HWH-01,3,7.3,11.5,102,2,5,41.9,240,0.77,0.4954,HIGH,RailSync synthetic prototype training data
RS-ML-10621,SMMS,POWER_SUPPLY_FLUCTUATION,NDLS-CNB-07,3,0.0,36.3,249,2,2,50.0,45,0.14,0.4849,HIGH,RailSync synthetic prototype training data
RS-ML-10622,TDMS,OHE_DROPPER_SNAP,NDLS-CNB-07,5,0.0,12.7,199,3,3,79.0,45,0.65,0.6645,CRITICAL,RailSync synthetic prototype training data
RS-ML-10623,SMMS,RELAY_CHATTER,NDLS-CNB-07,4,0.0,29.2,310,0,4,78.3,180,0.78,0.499,HIGH,RailSync synthetic prototype training data
RS-ML-10624,TMS,TRACK_TWIST,CNB-MGS-01,3,0.4,3.8,306,5,3,47.5,150,0.91,0.6014,CRITICAL,RailSync synthetic prototype training data
RS-ML-10625,TMS,SEJ_GAP_ABNORMAL,NDLS-CNB-07,3,9.5,37.2,166,3,2,70.4,90,0.15,0.6087,CRITICAL,RailSync synthetic prototype training data
RS-ML-10626,TMS,USFD_MICRO_CRACK,CNB-MGS-01,1,3.2,35.9,115,1,2,83.7,30,0.59,0.2937,MEDIUM,RailSync synthetic prototype training data
RS-ML-10627,TMS,LC_FLANGEWAY_CLEAN,HWH-MGS-03,3,0.0,8.6,152,2,3,48.9,90,0.81,0.5213,HIGH,RailSync synthetic prototype training data
RS-ML-10628,TDMS,CATENARY_TENSION_LOW,NDLS-HWH-01,4,0.0,29.6,252,2,2,98.0,180,0.35,0.5075,HIGH,RailSync synthetic prototype training data
RS-ML-10629,TDMS,MAST_EARTHING_LOOSE,NDLS-HWH-01,2,2.8,11.1,359,5,1,47.7,30,0.81,0.4209,HIGH,RailSync synthetic prototype training data
RS-ML-10630,SMMS,POWER_SUPPLY_FLUCTUATION,NDLS-CNB-07,2,0.0,17.1,250,0,2,87.1,90,0.71,0.3872,HIGH,RailSync synthetic prototype training data
RS-ML-10631,SMMS,AXLE_COUNTER_RESET,HWH-MGS-03,4,0.0,16.5,89,5,4,50.5,30,0.16,0.5714,CRITICAL,RailSync synthetic prototype training data
RS-ML-10632,SMMS,RELAY_CHATTER,HWH-MGS-03,4,0.0,24.0,209,0,4,68.6,60,0.64,0.4475,HIGH,RailSync synthetic prototype training data
RS-ML-10633,TDMS,CANTILEVER_INSULATOR_FLASH,HWH-MGS-03,3,0.0,24.9,143,2,1,44.8,240,0.63,0.4014,HIGH,RailSync synthetic prototype training data
RS-ML-10634,TDMS,CATENARY_TENSION_LOW,NDLS-HWH-01,2,5.5,37.5,248,0,2,62.5,180,0.32,0.3999,HIGH,RailSync synthetic prototype training data
RS-ML-10635,SMMS,DATA_LOGGER_FAIL,NDLS-CNB-07,2,5.9,26.8,204,1,4,43.7,45,0.73,0.4654,HIGH,RailSync synthetic prototype training data
RS-ML-10636,TMS,DRAINAGE_CLEARANCE,NDLS-HWH-01,1,1.3,23.0,95,0,1,47.5,90,0.64,0.2021,LOW,RailSync synthetic prototype training data
RS-ML-10637,TDMS,CANTILEVER_INSULATOR_FLASH,NDLS-HWH-01,2,3.8,14.1,281,0,2,57.6,120,0.64,0.3532,MEDIUM,RailSync synthetic prototype training data
RS-ML-10638,TMS,TURNOUT_WEAR,HWH-MGS-03,3,4.1,20.1,183,2,1,53.9,90,0.18,0.4652,HIGH,RailSync synthetic prototype training data
RS-ML-10639,TMS,SEJ_GAP_ABNORMAL,NDLS-CNB-07,2,1.1,10.9,321,1,2,63.4,45,0.9,0.3748,MEDIUM,RailSync synthetic prototype training data
RS-ML-10640,SMMS,AXLE_COUNTER_RESET,NDLS-CNB-07,1,0.0,28.0,327,2,3,73.0,60,0.43,0.4129,HIGH,RailSync synthetic prototype training data
RS-ML-10641,TMS,WELD_FRACTURE,NDLS-CNB-07,3,1.4,5.2,59,2,1,61.2,150,0.75,0.4498,HIGH,RailSync synthetic prototype training data
RS-ML-10642,TMS,SLEEPER_LOOSENING,CNB-MGS-01,1,0.0,14.6,116,1,1,50.3,120,0.58,0.2102,LOW,RailSync synthetic prototype training data
RS-ML-10643,TMS,TURNOUT_WEAR,CNB-MGS-01,2,1.7,23.3,27,0,3,87.2,180,0.48,0.2781,MEDIUM,RailSync synthetic prototype training data
RS-ML-10644,TMS,WELD_FRACTURE,NDLS-CNB-07,5,0.0,5.9,293,2,3,81.4,90,0.66,0.6029,CRITICAL,RailSync synthetic prototype training data
RS-ML-10645,TMS,FISHPLATE_CRACK,HWH-MGS-03,2,9.0,10.8,222,1,2,57.9,45,0.9,0.4944,HIGH,RailSync synthetic prototype training data
RS-ML-10646,TMS,FISHPLATE_CRACK,NDLS-HWH-01,3,0.0,3.4,125,5,1,44.9,120,0.55,0.4181,HIGH,RailSync synthetic prototype training data
RS-ML-10647,TDMS,MAST_EARTHING_LOOSE,NDLS-CNB-07,2,1.8,19.8,349,4,5,51.1,30,0.69,0.5412,HIGH,RailSync synthetic prototype training data
RS-ML-10648,SMMS,RELAY_CHATTER,NDLS-CNB-07,4,0.0,25.3,273,2,4,96.4,90,0.21,0.5728,CRITICAL,RailSync synthetic prototype training data
RS-ML-10649,TMS,WELD_FRACTURE,HWH-MGS-03,4,6.2,6.9,60,0,1,57.0,240,0.31,0.4077,HIGH,RailSync synthetic prototype training data
RS-ML-10650,TMS,LC_FLANGEWAY_CLEAN,HWH-MGS-03,1,9.6,11.9,332,1,5,89.6,30,0.37,0.4764,HIGH,RailSync synthetic prototype training data
RS-ML-10651,TMS,WELD_FRACTURE,CNB-MGS-01,5,0.8,7.5,184,0,5,70.1,60,0.42,0.535,HIGH,RailSync synthetic prototype training data
RS-ML-10652,TDMS,OHE_DROPPER_SNAP,NDLS-CNB-07,5,0.0,9.9,243,1,4,92.2,120,0.15,0.5189,HIGH,RailSync synthetic prototype training data
RS-ML-10653,TMS,FISHPLATE_CRACK,HWH-MGS-03,1,0.0,33.6,104,0,2,63.1,150,0.86,0.2517,MEDIUM,RailSync synthetic prototype training data
RS-ML-10654,TMS,SLEEPER_LOOSENING,HWH-MGS-03,4,5.6,37.4,63,1,2,59.0,180,0.5,0.5505,HIGH,RailSync synthetic prototype training data
RS-ML-10655,TMS,TRACK_TWIST,NDLS-HWH-01,5,0.9,5.2,179,1,3,65.1,30,0.44,0.518,HIGH,RailSync synthetic prototype training data
RS-ML-10656,TMS,USFD_MICRO_CRACK,NDLS-HWH-01,3,0.0,9.8,81,2,3,84.9,120,0.94,0.4456,HIGH,RailSync synthetic prototype training data
RS-ML-10657,TMS,LC_FLANGEWAY_CLEAN,NDLS-HWH-01,3,3.5,19.3,95,0,2,53.4,60,0.41,0.4061,HIGH,RailSync synthetic prototype training data
RS-ML-10658,TMS,SLEEPER_LOOSENING,NDLS-CNB-07,2,0.0,23.6,49,4,5,57.9,90,0.25,0.4299,HIGH,RailSync synthetic prototype training data
RS-ML-10659,TMS,WELD_FRACTURE,CNB-MGS-01,3,0.0,14.1,182,2,1,50.6,30,0.1,0.389,HIGH,RailSync synthetic prototype training data
RS-ML-10660,SMMS,SIGNAL_LAMP_FUSED,CNB-MGS-01,2,0.0,34.6,54,1,4,61.3,120,0.15,0.2719,MEDIUM,RailSync synthetic prototype training data
RS-ML-10661,TDMS,PANTOGRAPH_ENTANGLEMENT_RISK,CNB-MGS-01,4,0.0,30.9,304,1,3,52.3,180,0.13,0.4327,HIGH,RailSync synthetic prototype training data
RS-ML-10662,TMS,DRAINAGE_CLEARANCE,NDLS-HWH-01,1,0.0,36.8,338,3,4,94.1,45,0.9,0.4765,HIGH,RailSync synthetic prototype training data
RS-ML-10663,SMMS,SIGNAL_LAMP_FUSED,NDLS-CNB-07,1,5.0,7.7,284,2,5,97.0,150,0.45,0.4461,HIGH,RailSync synthetic prototype training data
RS-ML-10664,SMMS,CABLE_INSULATION_LOW,NDLS-HWH-01,2,0.0,20.1,260,3,3,80.8,60,0.31,0.4666,HIGH,RailSync synthetic prototype training data
RS-ML-10665,TDMS,CATENARY_TENSION_LOW,HWH-MGS-03,2,0.0,20.5,265,6,5,62.5,180,0.41,0.5507,HIGH,RailSync synthetic prototype training data
RS-ML-10666,TMS,RAIL_CORRUGATION,NDLS-HWH-01,1,2.5,8.7,359,0,5,81.4,120,0.32,0.3591,MEDIUM,RailSync synthetic prototype training data
RS-ML-10667,SMMS,AXLE_COUNTER_RESET,NDLS-CNB-07,1,1.1,9.4,23,2,2,55.8,30,0.63,0.261,MEDIUM,RailSync synthetic prototype training data
RS-ML-10668,TMS,SLEEPER_LOOSENING,NDLS-HWH-01,1,0.0,13.5,312,6,5,55.4,60,0.42,0.483,HIGH,RailSync synthetic prototype training data
RS-ML-10669,TMS,WELD_FRACTURE,CNB-MGS-01,4,0.0,36.7,93,0,5,46.2,180,0.9,0.4514,HIGH,RailSync synthetic prototype training data
RS-ML-10670,TMS,DRAINAGE_CLEARANCE,NDLS-CNB-07,3,6.8,8.8,140,0,4,49.1,90,0.71,0.4375,HIGH,RailSync synthetic prototype training data
RS-ML-10671,SMMS,POWER_SUPPLY_FLUCTUATION,NDLS-CNB-07,2,4.6,31.1,93,0,3,41.2,60,0.85,0.3301,MEDIUM,RailSync synthetic prototype training data
RS-ML-10672,TDMS,CATENARY_TENSION_LOW,NDLS-HWH-01,1,0.4,16.5,235,4,5,48.0,30,0.59,0.4363,HIGH,RailSync synthetic prototype training data
RS-ML-10673,TDMS,OHE_DROPPER_SNAP,NDLS-CNB-07,4,5.5,3.6,76,5,1,96.0,45,0.54,0.6155,CRITICAL,RailSync synthetic prototype training data
RS-ML-10674,TDMS,CANTILEVER_INSULATOR_FLASH,NDLS-CNB-07,1,0.0,29.0,230,3,4,49.0,30,0.54,0.3831,HIGH,RailSync synthetic prototype training data
RS-ML-10675,TMS,WELD_FRACTURE,NDLS-HWH-01,4,0.1,4.3,215,0,4,62.5,150,0.64,0.511,HIGH,RailSync synthetic prototype training data
RS-ML-10676,TMS,DRAINAGE_CLEARANCE,HWH-MGS-03,3,0.9,27.3,60,1,3,60.9,150,0.16,0.4243,HIGH,RailSync synthetic prototype training data
RS-ML-10677,TDMS,PANTOGRAPH_ENTANGLEMENT_RISK,NDLS-CNB-07,4,0.0,13.1,95,2,3,76.5,120,0.36,0.4221,HIGH,RailSync synthetic prototype training data
RS-ML-10678,TMS,USFD_MICRO_CRACK,CNB-MGS-01,4,13.4,30.9,42,3,2,58.7,180,0.45,0.6819,CRITICAL,RailSync synthetic prototype training data
RS-ML-10679,TDMS,CANTILEVER_INSULATOR_FLASH,HWH-MGS-03,4,0.0,10.9,49,0,4,60.6,240,0.43,0.2767,MEDIUM,RailSync synthetic prototype training data
RS-ML-10680,SMMS,CABLE_INSULATION_LOW,CNB-MGS-01,1,2.7,35.9,128,1,4,71.1,90,0.4,0.2973,MEDIUM,RailSync synthetic prototype training data
RS-ML-10681,SMMS,SIGNAL_LAMP_FUSED,NDLS-HWH-01,1,0.5,0.6,11,1,1,43.5,150,0.37,0.0894,LOW,RailSync synthetic prototype training data
RS-ML-10682,TDMS,PANTOGRAPH_ENTANGLEMENT_RISK,CNB-MGS-01,4,1.0,31.8,285,6,2,43.3,60,0.16,0.6133,CRITICAL,RailSync synthetic prototype training data
RS-ML-10683,SMMS,CABLE_INSULATION_LOW,CNB-MGS-01,1,7.2,4.5,300,0,1,48.6,60,0.12,0.2471,MEDIUM,RailSync synthetic prototype training data
RS-ML-10684,TMS,TURNOUT_WEAR,HWH-MGS-03,1,1.2,7.3,74,2,4,82.3,240,0.75,0.323,MEDIUM,RailSync synthetic prototype training data
RS-ML-10685,TMS,DRAINAGE_CLEARANCE,NDLS-HWH-01,3,4.0,7.0,85,0,4,72.4,120,0.88,0.3959,HIGH,RailSync synthetic prototype training data
RS-ML-10686,SMMS,SIGNAL_LAMP_FUSED,HWH-MGS-03,4,0.5,10.7,50,1,2,63.4,30,0.25,0.3858,HIGH,RailSync synthetic prototype training data
RS-ML-10687,SMMS,INTERLOCKING_CIRCUIT_FAULT,HWH-MGS-03,4,0.0,25.0,210,3,3,77.8,90,0.29,0.619,CRITICAL,RailSync synthetic prototype training data
RS-ML-10688,TMS,FISHPLATE_CRACK,CNB-MGS-01,1,0.0,11.1,280,0,1,84.3,120,0.22,0.2598,MEDIUM,RailSync synthetic prototype training data
RS-ML-10689,TMS,TRACK_TWIST,NDLS-HWH-01,4,0.0,30.1,26,0,3,40.5,150,0.73,0.4385,HIGH,RailSync synthetic prototype training data
RS-ML-10690,TDMS,ISOLATOR_SWITCH_JAM,NDLS-CNB-07,2,0.4,15.1,185,6,4,92.4,45,0.5,0.5399,HIGH,RailSync synthetic prototype training data
RS-ML-10691,TDMS,FEEDER_BREAKER_TRIP,NDLS-HWH-01,2,10.7,6.2,240,0,2,91.7,60,0.74,0.4525,HIGH,RailSync synthetic prototype training data
RS-ML-10692,TMS,SEJ_GAP_ABNORMAL,CNB-MGS-01,2,2.0,5.4,151,1,4,54.0,45,0.91,0.2943,MEDIUM,RailSync synthetic prototype training data
RS-ML-10693,TMS,WELD_FRACTURE,NDLS-CNB-07,5,0.7,12.1,47,1,3,49.4,120,0.57,0.4361,HIGH,RailSync synthetic prototype training data
RS-ML-10694,TMS,TRACK_TWIST,NDLS-CNB-07,5,2.0,17.8,245,6,2,95.0,240,0.09,0.7767,CRITICAL,RailSync synthetic prototype training data
RS-ML-10695,TDMS,PANTOGRAPH_ENTANGLEMENT_RISK,HWH-MGS-03,4,2.5,32.2,163,1,3,91.3,30,0.61,0.5072,HIGH,RailSync synthetic prototype training data
RS-ML-10696,SMMS,SIGNAL_LAMP_FUSED,NDLS-HWH-01,1,0.0,4.4,195,0,1,53.0,240,0.65,0.1589,LOW,RailSync synthetic prototype training data
RS-ML-10697,SMMS,POWER_SUPPLY_FLUCTUATION,NDLS-HWH-01,1,0.0,27.9,206,3,3,43.8,150,0.95,0.4066,HIGH,RailSync synthetic prototype training data
RS-ML-10698,SMMS,POWER_SUPPLY_FLUCTUATION,NDLS-HWH-01,2,0.0,1.9,82,5,2,58.7,30,0.94,0.4257,HIGH,RailSync synthetic prototype training data
RS-ML-10699,TDMS,MAST_EARTHING_LOOSE,HWH-MGS-03,1,1.1,8.4,14,5,2,44.9,45,0.3,0.2809,MEDIUM,RailSync synthetic prototype training data
RS-ML-10700,TMS,LC_FLANGEWAY_CLEAN,HWH-MGS-03,3,0.0,20.2,345,4,1,45.4,180,0.36,0.509,HIGH,RailSync synthetic prototype training data
RS-ML-10701,TMS,BALLAST_DEFICIENCY,HWH-MGS-03,2,8.5,26.3,85,6,5,62.8,30,0.55,0.612,CRITICAL,RailSync synthetic prototype training data
RS-ML-10702,TDMS,CATENARY_TENSION_LOW,NDLS-HWH-01,3,9.8,22.2,77,0,3,40.8,240,0.89,0.4014,HIGH,RailSync synthetic prototype training data
RS-ML-10703,TDMS,MAST_EARTHING_LOOSE,CNB-MGS-01,2,3.5,0.6,233,5,5,45.7,90,0.72,0.569,CRITICAL,RailSync synthetic prototype training data
RS-ML-10704,TMS,LC_FLANGEWAY_CLEAN,NDLS-CNB-07,3,3.0,8.6,110,5,1,61.7,150,0.06,0.5372,HIGH,RailSync synthetic prototype training data
RS-ML-10705,TDMS,FEEDER_BREAKER_TRIP,HWH-MGS-03,2,1.4,13.7,280,1,2,66.8,150,0.21,0.316,MEDIUM,RailSync synthetic prototype training data
RS-ML-10706,SMMS,DATA_LOGGER_FAIL,HWH-MGS-03,2,4.2,32.2,355,2,1,98.2,45,0.13,0.5232,HIGH,RailSync synthetic prototype training data
RS-ML-10707,TMS,LC_FLANGEWAY_CLEAN,NDLS-HWH-01,3,0.8,19.4,19,2,4,72.3,45,0.23,0.415,HIGH,RailSync synthetic prototype training data
RS-ML-10708,SMMS,INTERLOCKING_CIRCUIT_FAULT,CNB-MGS-01,5,5.4,34.8,214,4,4,40.4,150,0.75,0.7442,CRITICAL,RailSync synthetic prototype training data
RS-ML-10709,SMMS,TRACK_CIRCUIT_DROP,HWH-MGS-03,3,0.0,0.7,215,0,3,89.2,150,0.35,0.374,MEDIUM,RailSync synthetic prototype training data
RS-ML-10710,TDMS,MAST_EARTHING_LOOSE,NDLS-CNB-07,2,5.7,15.2,318,2,5,65.1,180,0.93,0.5588,HIGH,RailSync synthetic prototype training data
RS-ML-10711,SMMS,CABLE_INSULATION_LOW,NDLS-CNB-07,1,1.7,30.5,261,0,3,89.0,60,0.9,0.4016,HIGH,RailSync synthetic prototype training data
RS-ML-10712,TMS,TRACK_TWIST,NDLS-HWH-01,4,2.7,24.1,306,0,1,73.4,30,0.72,0.5217,HIGH,RailSync synthetic prototype training data
RS-ML-10713,SMMS,RELAY_CHATTER,NDLS-CNB-07,1,4.5,34.2,155,0,4,85.1,30,0.3,0.3523,MEDIUM,RailSync synthetic prototype training data
RS-ML-10714,TDMS,OHE_DROPPER_SNAP,NDLS-HWH-01,3,0.0,35.3,65,0,2,45.4,240,0.81,0.31,MEDIUM,RailSync synthetic prototype training data
RS-ML-10715,TMS,WELD_FRACTURE,HWH-MGS-03,3,7.7,36.5,42,0,4,87.3,60,0.32,0.4582,HIGH,RailSync synthetic prototype training data
RS-ML-10716,TDMS,OHE_DROPPER_SNAP,NDLS-HWH-01,5,0.0,37.8,250,7,5,83.4,45,0.22,0.788,CRITICAL,RailSync synthetic prototype training data
RS-ML-10717,SMMS,AXLE_COUNTER_RESET,NDLS-CNB-07,3,0.0,4.8,114,0,1,82.6,60,0.29,0.2813,MEDIUM,RailSync synthetic prototype training data
RS-ML-10718,SMMS,INTERLOCKING_CIRCUIT_FAULT,CNB-MGS-01,5,2.5,24.9,242,2,4,94.0,120,0.21,0.6536,CRITICAL,RailSync synthetic prototype training data
RS-ML-10719,TMS,BALLAST_DEFICIENCY,NDLS-HWH-01,2,0.0,29.2,162,0,4,65.4,240,0.43,0.2816,MEDIUM,RailSync synthetic prototype training data
RS-ML-10720,SMMS,RELAY_CHATTER,NDLS-HWH-01,3,6.0,16.6,293,1,4,49.8,30,0.91,0.5326,HIGH,RailSync synthetic prototype training data
RS-ML-10721,SMMS,DATA_LOGGER_FAIL,CNB-MGS-01,2,0.0,4.8,168,1,2,44.2,150,0.38,0.299,MEDIUM,RailSync synthetic prototype training data
RS-ML-10722,TDMS,CANTILEVER_INSULATOR_FLASH,NDLS-HWH-01,2,1.4,0.9,171,0,2,72.9,180,0.31,0.263,MEDIUM,RailSync synthetic prototype training data
RS-ML-10723,SMMS,EARTH_LEAKAGE,NDLS-HWH-01,2,0.0,24.7,352,3,3,51.6,30,0.77,0.4764,HIGH,RailSync synthetic prototype training data
RS-ML-10724,SMMS,TRACK_CIRCUIT_DROP,HWH-MGS-03,1,0.0,17.5,310,0,5,41.2,30,0.63,0.3397,MEDIUM,RailSync synthetic prototype training data
RS-ML-10725,TDMS,NEUTRAL_SECTION_ARCING,NDLS-CNB-07,3,0.0,15.6,276,4,1,44.1,45,0.8,0.4235,HIGH,RailSync synthetic prototype training data
RS-ML-10726,TMS,GAUGE_CORRECTION,CNB-MGS-01,2,0.0,13.5,43,1,5,42.8,120,0.68,0.2542,MEDIUM,RailSync synthetic prototype training data
RS-ML-10727,TDMS,CANTILEVER_INSULATOR_FLASH,CNB-MGS-01,4,0.0,4.4,117,0,1,98.1,180,0.25,0.366,MEDIUM,RailSync synthetic prototype training data
RS-ML-10728,TMS,LC_FLANGEWAY_CLEAN,CNB-MGS-01,3,1.1,20.7,5,5,1,46.5,120,0.12,0.4153,HIGH,RailSync synthetic prototype training data
RS-ML-10729,TDMS,NEUTRAL_SECTION_ARCING,NDLS-CNB-07,4,4.9,22.4,64,0,4,77.3,45,0.52,0.4976,HIGH,RailSync synthetic prototype training data
RS-ML-10730,TMS,USFD_MICRO_CRACK,HWH-MGS-03,4,0.0,12.6,250,0,3,81.6,150,0.55,0.5206,HIGH,RailSync synthetic prototype training data
RS-ML-10731,SMMS,SIGNAL_LAMP_FUSED,NDLS-HWH-01,1,0.0,19.0,111,0,4,51.0,45,0.36,0.1667,LOW,RailSync synthetic prototype training data
RS-ML-10732,TDMS,ISOLATOR_SWITCH_JAM,CNB-MGS-01,3,0.4,12.2,235,2,2,52.8,150,0.4,0.3808,HIGH,RailSync synthetic prototype training data
RS-ML-10733,TMS,BALLAST_DEFICIENCY,NDLS-CNB-07,1,3.7,16.4,354,0,2,67.0,45,0.72,0.3334,MEDIUM,RailSync synthetic prototype training data
RS-ML-10734,TMS,USFD_MICRO_CRACK,NDLS-CNB-07,2,0.0,18.4,274,1,5,44.9,180,0.24,0.3695,MEDIUM,RailSync synthetic prototype training data
RS-ML-10735,TMS,USFD_MICRO_CRACK,CNB-MGS-01,2,1.2,2.3,198,2,4,50.3,120,0.53,0.4283,HIGH,RailSync synthetic prototype training data
RS-ML-10736,SMMS,CABLE_INSULATION_LOW,NDLS-HWH-01,3,0.0,24.7,59,0,1,73.7,90,0.11,0.2769,MEDIUM,RailSync synthetic prototype training data
RS-ML-10737,SMMS,CABLE_INSULATION_LOW,HWH-MGS-03,2,0.0,8.7,357,0,2,60.3,120,0.69,0.3134,MEDIUM,RailSync synthetic prototype training data
RS-ML-10738,TMS,WELD_FRACTURE,NDLS-HWH-01,3,0.0,34.5,321,1,2,50.0,45,0.2,0.4068,HIGH,RailSync synthetic prototype training data
RS-ML-10739,TDMS,FEEDER_BREAKER_TRIP,HWH-MGS-03,2,0.0,7.2,138,4,1,74.7,240,0.57,0.415,HIGH,RailSync synthetic prototype training data
RS-ML-10740,SMMS,SIGNAL_LAMP_FUSED,HWH-MGS-03,1,0.0,31.2,293,2,2,70.7,60,0.73,0.3584,MEDIUM,RailSync synthetic prototype training data
RS-ML-10741,TDMS,CONTACT_WIRE_WEAR,HWH-MGS-03,2,1.6,13.7,282,0,1,88.4,120,0.69,0.312,MEDIUM,RailSync synthetic prototype training data
RS-ML-10742,TDMS,FEEDER_BREAKER_TRIP,NDLS-HWH-01,2,6.8,20.0,330,0,2,60.9,30,0.27,0.3673,MEDIUM,RailSync synthetic prototype training data
RS-ML-10743,TMS,LC_FLANGEWAY_CLEAN,NDLS-HWH-01,1,0.0,36.3,330,0,5,92.6,240,0.94,0.3144,MEDIUM,RailSync synthetic prototype training data
RS-ML-10744,TDMS,PANTOGRAPH_ENTANGLEMENT_RISK,CNB-MGS-01,5,17.9,13.6,172,1,3,51.1,150,0.8,0.7324,CRITICAL,RailSync synthetic prototype training data
RS-ML-10745,SMMS,RELAY_CHATTER,CNB-MGS-01,1,2.6,0.8,353,0,3,76.5,60,0.32,0.3142,MEDIUM,RailSync synthetic prototype training data
RS-ML-10746,TMS,GAUGE_CORRECTION,NDLS-HWH-01,2,0.0,8.6,306,0,3,78.6,30,0.09,0.3688,MEDIUM,RailSync synthetic prototype training data
RS-ML-10747,TDMS,ISOLATOR_SWITCH_JAM,NDLS-CNB-07,4,0.0,27.2,76,7,5,93.7,120,0.25,0.6801,CRITICAL,RailSync synthetic prototype training data
RS-ML-10748,SMMS,RELAY_CHATTER,NDLS-CNB-07,3,7.8,24.4,219,1,3,74.9,60,0.56,0.5318,HIGH,RailSync synthetic prototype training data
RS-ML-10749,SMMS,SIGNAL_LAMP_FUSED,CNB-MGS-01,1,0.0,21.3,157,0,4,71.9,180,0.75,0.2406,MEDIUM,RailSync synthetic prototype training data
RS-ML-10750,TDMS,CANTILEVER_INSULATOR_FLASH,NDLS-CNB-07,2,2.2,26.5,260,5,4,67.3,180,0.47,0.5831,CRITICAL,RailSync synthetic prototype training data
RS-ML-10751,TDMS,CANTILEVER_INSULATOR_FLASH,NDLS-CNB-07,3,0.0,11.8,127,1,5,71.8,120,0.1,0.3814,HIGH,RailSync synthetic prototype training data
RS-ML-10752,TDMS,PANTOGRAPH_ENTANGLEMENT_RISK,HWH-MGS-03,5,0.0,17.9,268,1,1,55.8,45,0.35,0.516,HIGH,RailSync synthetic prototype training data
RS-ML-10753,SMMS,RELAY_CHATTER,NDLS-HWH-01,1,0.0,22.4,264,2,2,70.2,240,0.17,0.331,MEDIUM,RailSync synthetic prototype training data
RS-ML-10754,TDMS,PANTOGRAPH_ENTANGLEMENT_RISK,CNB-MGS-01,4,0.8,27.5,6,3,1,40.0,45,0.52,0.4089,HIGH,RailSync synthetic prototype training data
RS-ML-10755,TMS,SEJ_GAP_ABNORMAL,HWH-MGS-03,2,6.0,35.2,156,1,5,55.2,240,0.82,0.5044,HIGH,RailSync synthetic prototype training data
RS-ML-10756,SMMS,CABLE_INSULATION_LOW,NDLS-CNB-07,3,4.2,7.4,339,0,2,67.9,120,0.31,0.439,HIGH,RailSync synthetic prototype training data
RS-ML-10757,TMS,GAUGE_CORRECTION,HWH-MGS-03,2,0.1,30.5,240,1,4,47.0,180,0.06,0.4079,HIGH,RailSync synthetic prototype training data
RS-ML-10758,TMS,DRAINAGE_CLEARANCE,HWH-MGS-03,1,1.1,34.5,74,1,2,60.9,90,0.36,0.2351,MEDIUM,RailSync synthetic prototype training data
RS-ML-10759,TMS,DRAINAGE_CLEARANCE,NDLS-CNB-07,2,0.5,27.5,176,1,3,94.0,45,0.87,0.3926,HIGH,RailSync synthetic prototype training data
RS-ML-10760,SMMS,CABLE_INSULATION_LOW,HWH-MGS-03,3,0.5,7.3,262,3,3,74.4,150,0.58,0.5244,HIGH,RailSync synthetic prototype training data
RS-ML-10761,TMS,LC_FLANGEWAY_CLEAN,NDLS-CNB-07,1,5.0,25.4,258,5,2,46.2,60,0.71,0.5179,HIGH,RailSync synthetic prototype training data
RS-ML-10762,TMS,BALLAST_DEFICIENCY,NDLS-HWH-01,1,0.0,9.9,22,3,3,75.5,30,0.88,0.2928,MEDIUM,RailSync synthetic prototype training data
RS-ML-10763,TMS,DRAINAGE_CLEARANCE,NDLS-CNB-07,1,0.0,18.9,350,0,2,65.4,90,0.13,0.2874,MEDIUM,RailSync synthetic prototype training data
RS-ML-10764,TMS,DRAINAGE_CLEARANCE,NDLS-HWH-01,1,2.8,30.9,5,1,1,59.9,240,0.22,0.2129,LOW,RailSync synthetic prototype training data
RS-ML-10765,SMMS,RELAY_CHATTER,NDLS-CNB-07,3,0.0,17.0,323,1,1,47.4,120,0.14,0.4099,HIGH,RailSync synthetic prototype training data
RS-ML-10766,SMMS,POINT_MACHINE_FAILURE,CNB-MGS-01,3,0.0,31.3,151,5,3,44.0,60,0.92,0.5996,CRITICAL,RailSync synthetic prototype training data
RS-ML-10767,TDMS,ISOLATOR_SWITCH_JAM,CNB-MGS-01,2,9.7,2.6,360,4,3,78.2,30,0.35,0.6064,CRITICAL,RailSync synthetic prototype training data
RS-ML-10768,TMS,FISHPLATE_CRACK,NDLS-HWH-01,1,7.4,21.0,171,5,2,68.9,30,0.36,0.5519,HIGH,RailSync synthetic prototype training data
RS-ML-10769,SMMS,INTERLOCKING_CIRCUIT_FAULT,HWH-MGS-03,5,0.9,10.6,24,0,3,65.2,120,0.75,0.4429,HIGH,RailSync synthetic prototype training data
RS-ML-10770,TDMS,CATENARY_TENSION_LOW,NDLS-HWH-01,4,4.0,1.5,103,1,1,72.3,30,0.4,0.401,HIGH,RailSync synthetic prototype training data
RS-ML-10771,SMMS,DATA_LOGGER_FAIL,NDLS-CNB-07,1,0.0,4.9,318,7,2,60.1,30,0.26,0.42,HIGH,RailSync synthetic prototype training data
RS-ML-10772,TMS,WELD_FRACTURE,NDLS-CNB-07,4,0.1,28.7,277,1,2,87.5,45,0.1,0.492,HIGH,RailSync synthetic prototype training data
RS-ML-10773,TMS,TURNOUT_WEAR,NDLS-CNB-07,4,0.0,5.4,206,1,1,44.5,90,0.5,0.4335,HIGH,RailSync synthetic prototype training data
RS-ML-10774,SMMS,RELAY_CHATTER,NDLS-CNB-07,2,0.0,11.9,190,3,2,70.8,120,0.34,0.3791,MEDIUM,RailSync synthetic prototype training data
RS-ML-10775,TMS,BALLAST_DEFICIENCY,HWH-MGS-03,2,1.3,8.1,73,3,5,52.3,150,0.7,0.422,HIGH,RailSync synthetic prototype training data
RS-ML-10776,TDMS,OHE_DROPPER_SNAP,NDLS-CNB-07,5,0.0,24.9,235,5,1,55.8,180,0.32,0.6707,CRITICAL,RailSync synthetic prototype training data
RS-ML-10777,TDMS,MAST_EARTHING_LOOSE,HWH-MGS-03,1,0.0,14.8,230,0,2,78.6,30,0.64,0.2418,MEDIUM,RailSync synthetic prototype training data
RS-ML-10778,TMS,FISHPLATE_CRACK,NDLS-HWH-01,4,5.8,28.8,175,5,5,52.7,30,0.36,0.7691,CRITICAL,RailSync synthetic prototype training data
RS-ML-10779,TMS,LC_FLANGEWAY_CLEAN,NDLS-HWH-01,3,2.7,21.2,350,0,4,73.5,120,0.2,0.4366,HIGH,RailSync synthetic prototype training data
RS-ML-10780,TMS,LC_FLANGEWAY_CLEAN,NDLS-CNB-07,1,0.0,1.1,352,5,2,85.1,120,0.35,0.4213,HIGH,RailSync synthetic prototype training data
RS-ML-10781,TMS,DRAINAGE_CLEARANCE,CNB-MGS-01,3,0.0,30.9,314,0,3,88.9,60,0.45,0.4755,HIGH,RailSync synthetic prototype training data
RS-ML-10782,TMS,WELD_FRACTURE,HWH-MGS-03,3,0.0,14.0,329,3,1,73.9,45,0.3,0.4664,HIGH,RailSync synthetic prototype training data
RS-ML-10783,TMS,RAIL_CORRUGATION,CNB-MGS-01,3,0.6,10.9,256,0,5,78.4,90,0.15,0.4306,HIGH,RailSync synthetic prototype training data
RS-ML-10784,TMS,DRAINAGE_CLEARANCE,HWH-MGS-03,2,1.0,2.1,119,0,3,40.9,150,0.54,0.279,MEDIUM,RailSync synthetic prototype training data
RS-ML-10785,TMS,SEJ_GAP_ABNORMAL,HWH-MGS-03,1,0.0,3.4,107,0,4,44.2,180,0.84,0.22,MEDIUM,RailSync synthetic prototype training data
RS-ML-10786,TMS,FISHPLATE_CRACK,CNB-MGS-01,2,1.2,15.8,336,1,1,49.4,30,0.31,0.3587,MEDIUM,RailSync synthetic prototype training data
RS-ML-10787,TMS,SLEEPER_LOOSENING,CNB-MGS-01,2,9.8,29.8,263,3,4,88.6,30,0.64,0.6913,CRITICAL,RailSync synthetic prototype training data
RS-ML-10788,TMS,DRAINAGE_CLEARANCE,NDLS-HWH-01,4,3.5,36.4,117,1,4,71.5,45,0.81,0.5564,HIGH,RailSync synthetic prototype training data
RS-ML-10789,SMMS,DATA_LOGGER_FAIL,HWH-MGS-03,2,0.0,7.8,297,0,2,86.7,150,0.26,0.3028,MEDIUM,RailSync synthetic prototype training data
RS-ML-10790,TMS,TRACK_TWIST,NDLS-CNB-07,4,0.0,36.4,212,1,5,44.5,150,0.64,0.5271,HIGH,RailSync synthetic prototype training data
RS-ML-10791,TMS,TURNOUT_WEAR,NDLS-CNB-07,4,3.3,9.7,211,2,3,60.0,45,0.12,0.5309,HIGH,RailSync synthetic prototype training data
RS-ML-10792,TMS,RAIL_CORRUGATION,HWH-MGS-03,3,0.0,29.5,95,4,1,64.5,240,0.72,0.4904,HIGH,RailSync synthetic prototype training data
RS-ML-10793,TMS,LC_FLANGEWAY_CLEAN,NDLS-CNB-07,4,1.5,5.5,274,4,4,80.8,90,0.69,0.6921,CRITICAL,RailSync synthetic prototype training data
RS-ML-10794,TMS,FISHPLATE_CRACK,NDLS-HWH-01,4,3.5,2.2,184,5,4,56.9,240,0.68,0.6907,CRITICAL,RailSync synthetic prototype training data
RS-ML-10795,SMMS,DATA_LOGGER_FAIL,NDLS-HWH-01,1,1.7,0.8,306,1,4,50.3,120,0.9,0.2803,MEDIUM,RailSync synthetic prototype training data
RS-ML-10796,TMS,GAUGE_CORRECTION,HWH-MGS-03,2,1.9,21.7,271,1,3,62.5,60,0.91,0.5043,HIGH,RailSync synthetic prototype training data
RS-ML-10797,TDMS,CATENARY_TENSION_LOW,HWH-MGS-03,2,0.0,22.1,318,0,2,46.9,120,0.49,0.3028,MEDIUM,RailSync synthetic prototype training data
RS-ML-10798,TMS,RAIL_CORRUGATION,CNB-MGS-01,4,3.8,10.2,313,3,2,45.6,60,0.07,0.638,CRITICAL,RailSync synthetic prototype training data
RS-ML-10799,SMMS,SIGNAL_LAMP_FUSED,NDLS-HWH-01,2,3.0,31.3,192,0,4,70.5,240,0.32,0.3315,MEDIUM,RailSync synthetic prototype training data
RS-ML-10800,TMS,LC_FLANGEWAY_CLEAN,NDLS-HWH-01,2,0.0,16.7,137,0,3,82.8,45,0.92,0.3496,MEDIUM,RailSync synthetic prototype training data
RS-ML-10801,TMS,TRACK_TWIST,CNB-MGS-01,3,5.3,13.1,235,2,3,92.2,30,0.44,0.5295,HIGH,RailSync synthetic prototype training data
RS-ML-10802,TDMS,ISOLATOR_SWITCH_JAM,CNB-MGS-01,1,0.0,21.4,323,0,2,74.3,90,0.66,0.2524,MEDIUM,RailSync synthetic prototype training data
RS-ML-10803,TDMS,FEEDER_BREAKER_TRIP,CNB-MGS-01,1,4.8,24.3,48,5,1,65.4,240,0.55,0.4061,HIGH,RailSync synthetic prototype training data
RS-ML-10804,TMS,RAIL_CORRUGATION,NDLS-HWH-01,2,0.0,10.4,197,2,3,68.3,60,0.84,0.4498,HIGH,RailSync synthetic prototype training data
RS-ML-10805,SMMS,POWER_SUPPLY_FLUCTUATION,HWH-MGS-03,2,0.0,20.9,154,0,3,64.5,240,0.34,0.2281,MEDIUM,RailSync synthetic prototype training data
RS-ML-10806,SMMS,INTERLOCKING_CIRCUIT_FAULT,NDLS-CNB-07,4,0.0,12.5,61,0,2,85.3,240,0.81,0.4036,HIGH,RailSync synthetic prototype training data
RS-ML-10807,SMMS,POINT_MACHINE_FAILURE,CNB-MGS-01,4,1.1,8.6,212,0,3,64.1,240,0.43,0.4108,HIGH,RailSync synthetic prototype training data
RS-ML-10808,TMS,WELD_FRACTURE,CNB-MGS-01,4,0.0,8.7,328,3,4,52.9,60,0.53,0.598,CRITICAL,RailSync synthetic prototype training data
RS-ML-10809,TDMS,CONTACT_WIRE_WEAR,NDLS-CNB-07,3,0.0,1.2,13,3,3,93.4,45,0.64,0.3891,HIGH,RailSync synthetic prototype training data
RS-ML-10810,SMMS,RELAY_CHATTER,NDLS-CNB-07,4,0.0,31.9,205,4,2,93.3,150,0.42,0.6002,CRITICAL,RailSync synthetic prototype training data
RS-ML-10811,TMS,WELD_FRACTURE,NDLS-HWH-01,4,0.0,30.2,24,0,2,76.9,90,0.08,0.3482,MEDIUM,RailSync synthetic prototype training data
RS-ML-10812,SMMS,CABLE_INSULATION_LOW,HWH-MGS-03,1,0.0,28.3,141,4,5,82.2,180,0.07,0.4198,HIGH,RailSync synthetic prototype training data
RS-ML-10813,TDMS,CANTILEVER_INSULATOR_FLASH,HWH-MGS-03,1,4.8,23.2,162,3,3,56.0,90,0.14,0.3373,MEDIUM,RailSync synthetic prototype training data
RS-ML-10814,TDMS,FEEDER_BREAKER_TRIP,HWH-MGS-03,2,8.3,4.0,211,1,5,69.6,180,0.07,0.4253,HIGH,RailSync synthetic prototype training data
RS-ML-10815,TMS,SEJ_GAP_ABNORMAL,NDLS-HWH-01,2,0.0,22.2,15,1,3,67.9,45,0.63,0.2902,MEDIUM,RailSync synthetic prototype training data
RS-ML-10816,TMS,DRAINAGE_CLEARANCE,NDLS-HWH-01,1,0.0,6.8,253,1,4,76.1,240,0.52,0.3677,MEDIUM,RailSync synthetic prototype training data
RS-ML-10817,TMS,USFD_MICRO_CRACK,CNB-MGS-01,2,3.2,28.3,80,0,1,55.7,90,0.73,0.2408,MEDIUM,RailSync synthetic prototype training data
RS-ML-10818,TDMS,ISOLATOR_SWITCH_JAM,HWH-MGS-03,2,2.8,25.0,167,1,1,93.9,180,0.68,0.3278,MEDIUM,RailSync synthetic prototype training data
RS-ML-10819,TMS,LC_FLANGEWAY_CLEAN,NDLS-HWH-01,1,0.7,16.9,61,0,5,68.5,180,0.41,0.2751,MEDIUM,RailSync synthetic prototype training data
RS-ML-10820,TMS,BALLAST_DEFICIENCY,CNB-MGS-01,3,1.6,33.5,141,1,2,48.3,90,0.77,0.4473,HIGH,RailSync synthetic prototype training data
RS-ML-10821,SMMS,POWER_SUPPLY_FLUCTUATION,HWH-MGS-03,1,2.2,12.9,72,0,3,64.4,60,0.47,0.1897,LOW,RailSync synthetic prototype training data
RS-ML-10822,TDMS,OHE_DROPPER_SNAP,CNB-MGS-01,5,0.0,8.0,51,1,1,76.6,60,0.11,0.3569,MEDIUM,RailSync synthetic prototype training data
RS-ML-10823,TMS,WELD_FRACTURE,NDLS-CNB-07,4,0.0,31.3,221,1,5,84.9,120,0.56,0.5405,HIGH,RailSync synthetic prototype training data
RS-ML-10824,SMMS,SIGNAL_LAMP_FUSED,NDLS-HWH-01,2,0.0,4.4,113,0,1,47.4,180,0.35,0.1874,LOW,RailSync synthetic prototype training data
RS-ML-10825,TMS,LC_FLANGEWAY_CLEAN,HWH-MGS-03,1,0.0,0.6,121,7,5,48.6,60,0.48,0.3841,HIGH,RailSync synthetic prototype training data
RS-ML-10826,TMS,TRACK_TWIST,NDLS-HWH-01,3,0.0,30.8,220,2,5,84.5,90,0.55,0.5393,HIGH,RailSync synthetic prototype training data
RS-ML-10827,SMMS,TRACK_CIRCUIT_DROP,CNB-MGS-01,2,6.3,33.6,112,5,2,89.1,240,0.49,0.5882,CRITICAL,RailSync synthetic prototype training data
RS-ML-10828,TDMS,CANTILEVER_INSULATOR_FLASH,HWH-MGS-03,3,1.5,7.2,190,4,4,52.5,90,0.39,0.5468,HIGH,RailSync synthetic prototype training data
RS-ML-10829,TMS,USFD_MICRO_CRACK,CNB-MGS-01,2,8.7,0.7,161,0,5,93.9,120,0.08,0.491,HIGH,RailSync synthetic prototype training data
RS-ML-10830,TMS,USFD_MICRO_CRACK,HWH-MGS-03,1,0.0,26.6,132,0,5,88.2,240,0.95,0.3015,MEDIUM,RailSync synthetic prototype training data
RS-ML-10831,SMMS,DATA_LOGGER_FAIL,NDLS-HWH-01,1,0.0,1.6,81,2,2,44.8,45,0.1,0.1566,LOW,RailSync synthetic prototype training data
RS-ML-10832,SMMS,POINT_MACHINE_FAILURE,CNB-MGS-01,3,1.4,20.9,102,2,3,92.5,60,0.87,0.4095,HIGH,RailSync synthetic prototype training data
RS-ML-10833,SMMS,CABLE_INSULATION_LOW,HWH-MGS-03,3,0.6,25.6,36,0,3,44.9,240,0.09,0.2297,MEDIUM,RailSync synthetic prototype training data
RS-ML-10834,SMMS,DATA_LOGGER_FAIL,HWH-MGS-03,1,0.4,28.5,4,0,4,73.2,45,0.56,0.1795,LOW,RailSync synthetic prototype training data
RS-ML-10835,TMS,LC_FLANGEWAY_CLEAN,NDLS-HWH-01,1,0.9,22.7,13,3,3,66.9,90,0.33,0.3033,MEDIUM,RailSync synthetic prototype training data
RS-ML-10836,SMMS,SIGNAL_LAMP_FUSED,NDLS-CNB-07,2,0.0,14.7,149,0,3,64.2,90,0.3,0.2933,MEDIUM,RailSync synthetic prototype training data
RS-ML-10837,TMS,USFD_MICRO_CRACK,CNB-MGS-01,1,2.1,13.8,189,0,2,42.1,180,0.19,0.2997,MEDIUM,RailSync synthetic prototype training data
RS-ML-10838,SMMS,CABLE_INSULATION_LOW,CNB-MGS-01,3,2.5,26.1,150,0,3,45.3,90,0.28,0.3516,MEDIUM,RailSync synthetic prototype training data
RS-ML-10839,TMS,DRAINAGE_CLEARANCE,NDLS-CNB-07,2,0.0,18.0,168,1,5,92.7,150,0.68,0.4297,HIGH,RailSync synthetic prototype training data
RS-ML-10840,SMMS,POINT_MACHINE_FAILURE,NDLS-CNB-07,4,0.0,13.1,334,4,3,57.9,240,0.54,0.6067,CRITICAL,RailSync synthetic prototype training data
RS-ML-10841,SMMS,EARTH_LEAKAGE,HWH-MGS-03,3,0.0,18.3,127,0,3,68.2,180,0.32,0.2983,MEDIUM,RailSync synthetic prototype training data
RS-ML-10842,TDMS,CATENARY_TENSION_LOW,NDLS-HWH-01,2,0.0,29.5,298,1,5,49.7,120,0.85,0.4841,HIGH,RailSync synthetic prototype training data
RS-ML-10843,TMS,TURNOUT_WEAR,NDLS-CNB-07,1,0.0,13.0,30,6,2,86.9,240,0.41,0.3531,MEDIUM,RailSync synthetic prototype training data
RS-ML-10844,SMMS,AXLE_COUNTER_RESET,NDLS-CNB-07,3,2.0,11.8,44,0,2,49.0,150,0.05,0.2614,MEDIUM,RailSync synthetic prototype training data
RS-ML-10845,SMMS,CABLE_INSULATION_LOW,NDLS-CNB-07,4,0.4,25.6,240,2,2,58.6,60,0.41,0.5328,HIGH,RailSync synthetic prototype training data
RS-ML-10846,TMS,GAUGE_CORRECTION,HWH-MGS-03,2,3.1,20.5,180,1,2,91.8,60,0.74,0.4007,HIGH,RailSync synthetic prototype training data
RS-ML-10847,TDMS,MAST_EARTHING_LOOSE,NDLS-HWH-01,3,0.0,5.7,99,0,1,59.9,60,0.43,0.2681,MEDIUM,RailSync synthetic prototype training data
RS-ML-10848,TMS,BALLAST_DEFICIENCY,HWH-MGS-03,1,0.0,36.4,218,0,5,88.8,240,0.78,0.3446,MEDIUM,RailSync synthetic prototype training data
RS-ML-10849,SMMS,CABLE_INSULATION_LOW,NDLS-HWH-01,1,2.3,5.3,262,1,4,64.7,30,0.32,0.367,MEDIUM,RailSync synthetic prototype training data
RS-ML-10850,TMS,DRAINAGE_CLEARANCE,NDLS-HWH-01,3,4.4,30.6,233,1,5,96.8,45,0.76,0.6428,CRITICAL,RailSync synthetic prototype training data
RS-ML-10851,TMS,DRAINAGE_CLEARANCE,NDLS-HWH-01,1,3.3,13.1,305,0,4,65.4,240,0.3,0.3247,MEDIUM,RailSync synthetic prototype training data
RS-ML-10852,TMS,USFD_MICRO_CRACK,HWH-MGS-03,2,3.9,33.8,354,1,1,71.8,60,0.31,0.3864,HIGH,RailSync synthetic prototype training data
RS-ML-10853,TMS,WELD_FRACTURE,NDLS-HWH-01,4,0.0,1.9,205,0,1,47.4,60,0.62,0.4045,HIGH,RailSync synthetic prototype training data
RS-ML-10854,TMS,GAUGE_CORRECTION,CNB-MGS-01,4,9.4,26.3,127,4,5,73.3,30,0.12,0.7297,CRITICAL,RailSync synthetic prototype training data
RS-ML-10855,TDMS,CANTILEVER_INSULATOR_FLASH,HWH-MGS-03,2,1.9,27.7,175,5,1,50.8,120,0.7,0.4895,HIGH,RailSync synthetic prototype training data
RS-ML-10856,SMMS,INTERLOCKING_CIRCUIT_FAULT,HWH-MGS-03,5,0.0,30.3,295,0,5,71.5,90,0.67,0.6302,CRITICAL,RailSync synthetic prototype training data
RS-ML-10857,TMS,BALLAST_DEFICIENCY,CNB-MGS-01,3,0.0,29.7,144,1,4,93.2,120,0.3,0.4692,HIGH,RailSync synthetic prototype training data
RS-ML-10858,TMS,WELD_FRACTURE,HWH-MGS-03,5,1.3,10.8,239,1,2,53.2,150,0.25,0.5084,HIGH,RailSync synthetic prototype training data
RS-ML-10859,SMMS,POWER_SUPPLY_FLUCTUATION,HWH-MGS-03,3,1.5,12.8,202,1,3,60.3,240,0.19,0.3749,MEDIUM,RailSync synthetic prototype training data
RS-ML-10860,TDMS,FEEDER_BREAKER_TRIP,NDLS-CNB-07,2,0.0,6.9,202,0,5,96.6,240,0.56,0.3477,MEDIUM,RailSync synthetic prototype training data
RS-ML-10861,TDMS,CONTACT_WIRE_WEAR,CNB-MGS-01,2,0.0,12.3,348,1,5,49.8,150,0.56,0.3951,HIGH,RailSync synthetic prototype training data
RS-ML-10862,TMS,WELD_FRACTURE,CNB-MGS-01,4,1.7,18.9,123,1,1,45.7,90,0.24,0.4287,HIGH,RailSync synthetic prototype training data
RS-ML-10863,TDMS,MAST_EARTHING_LOOSE,HWH-MGS-03,2,3.5,8.7,309,0,3,69.4,180,0.25,0.3587,MEDIUM,RailSync synthetic prototype training data
RS-ML-10864,TMS,USFD_MICRO_CRACK,CNB-MGS-01,3,0.0,17.4,93,1,3,84.6,60,0.67,0.4386,HIGH,RailSync synthetic prototype training data
RS-ML-10865,TMS,BALLAST_DEFICIENCY,HWH-MGS-03,1,23.9,1.6,117,0,5,73.4,180,0.9,0.4718,HIGH,RailSync synthetic prototype training data
RS-ML-10866,TMS,SLEEPER_LOOSENING,NDLS-CNB-07,2,0.0,18.2,49,5,5,91.7,180,0.55,0.5597,HIGH,RailSync synthetic prototype training data
RS-ML-10867,TMS,FISHPLATE_CRACK,NDLS-CNB-07,1,0.0,35.6,105,0,1,52.1,240,0.46,0.1379,LOW,RailSync synthetic prototype training data
RS-ML-10868,SMMS,POWER_SUPPLY_FLUCTUATION,NDLS-CNB-07,3,6.4,37.0,259,2,2,54.3,45,0.06,0.57,CRITICAL,RailSync synthetic prototype training data
RS-ML-10869,TDMS,FEEDER_BREAKER_TRIP,HWH-MGS-03,1,4.4,16.1,136,4,5,77.9,30,0.44,0.4737,HIGH,RailSync synthetic prototype training data
RS-ML-10870,TDMS,OHE_DROPPER_SNAP,CNB-MGS-01,5,2.5,31.6,23,1,4,65.1,45,0.14,0.5242,HIGH,RailSync synthetic prototype training data
RS-ML-10871,SMMS,INTERLOCKING_CIRCUIT_FAULT,NDLS-CNB-07,4,0.8,25.1,75,4,1,59.3,45,0.46,0.465,HIGH,RailSync synthetic prototype training data
RS-ML-10872,SMMS,SIGNAL_LAMP_FUSED,CNB-MGS-01,2,2.9,26.3,172,3,5,42.1,60,0.18,0.4572,HIGH,RailSync synthetic prototype training data
RS-ML-10873,TMS,FISHPLATE_CRACK,CNB-MGS-01,2,2.0,27.3,293,2,3,49.0,60,0.18,0.4534,HIGH,RailSync synthetic prototype training data
RS-ML-10874,TMS,BALLAST_DEFICIENCY,CNB-MGS-01,3,0.0,1.6,111,1,1,55.2,180,0.48,0.3817,HIGH,RailSync synthetic prototype training data
RS-ML-10875,SMMS,EARTH_LEAKAGE,CNB-MGS-01,2,2.3,14.7,251,2,4,92.5,30,0.65,0.4407,HIGH,RailSync synthetic prototype training data
RS-ML-10876,TMS,SLEEPER_LOOSENING,CNB-MGS-01,1,3.7,6.1,314,3,3,69.2,30,0.81,0.4846,HIGH,RailSync synthetic prototype training data
RS-ML-10877,SMMS,SIGNAL_LAMP_FUSED,NDLS-CNB-07,2,0.0,1.7,323,0,1,55.9,45,0.92,0.2358,MEDIUM,RailSync synthetic prototype training data
RS-ML-10878,TMS,TURNOUT_WEAR,NDLS-CNB-07,1,1.0,30.4,96,2,4,50.4,120,0.55,0.3431,MEDIUM,RailSync synthetic prototype training data
RS-ML-10879,TDMS,CANTILEVER_INSULATOR_FLASH,NDLS-CNB-07,2,2.3,2.8,119,0,1,71.4,30,0.34,0.2365,MEDIUM,RailSync synthetic prototype training data
RS-ML-10880,SMMS,SIGNAL_LAMP_FUSED,HWH-MGS-03,1,3.2,3.6,104,0,3,73.3,180,0.83,0.2903,MEDIUM,RailSync synthetic prototype training data
RS-ML-10881,TDMS,CATENARY_TENSION_LOW,HWH-MGS-03,4,0.7,9.9,211,2,5,68.3,120,0.91,0.616,CRITICAL,RailSync synthetic prototype training data
RS-ML-10882,TMS,SEJ_GAP_ABNORMAL,NDLS-CNB-07,2,13.2,25.9,260,0,2,68.5,150,0.85,0.493,HIGH,RailSync synthetic prototype training data
RS-ML-10883,TMS,BALLAST_DEFICIENCY,CNB-MGS-01,1,0.7,32.8,178,2,1,84.6,90,0.33,0.328,MEDIUM,RailSync synthetic prototype training data
RS-ML-10884,TMS,SEJ_GAP_ABNORMAL,HWH-MGS-03,1,1.4,11.8,315,0,2,84.8,60,0.82,0.295,MEDIUM,RailSync synthetic prototype training data
RS-ML-10885,TDMS,FEEDER_BREAKER_TRIP,HWH-MGS-03,3,1.3,10.6,137,1,2,57.9,150,0.8,0.3552,MEDIUM,RailSync synthetic prototype training data
RS-ML-10886,TMS,GAUGE_CORRECTION,HWH-MGS-03,2,12.1,29.1,5,3,3,77.8,60,0.93,0.5544,HIGH,RailSync synthetic prototype training data
RS-ML-10887,SMMS,SIGNAL_LAMP_FUSED,CNB-MGS-01,2,0.0,14.5,167,1,5,72.8,90,0.77,0.382,HIGH,RailSync synthetic prototype training data
RS-ML-10888,SMMS,POWER_SUPPLY_FLUCTUATION,CNB-MGS-01,1,3.1,9.6,169,2,1,85.7,180,0.67,0.3547,MEDIUM,RailSync synthetic prototype training data
RS-ML-10889,TMS,TURNOUT_WEAR,HWH-MGS-03,1,0.0,2.6,178,0,3,46.5,60,0.84,0.212,LOW,RailSync synthetic prototype training data
RS-ML-10890,TMS,LC_FLANGEWAY_CLEAN,HWH-MGS-03,3,0.0,33.3,304,0,1,65.6,150,0.57,0.3976,HIGH,RailSync synthetic prototype training data
RS-ML-10891,SMMS,TRACK_CIRCUIT_DROP,NDLS-HWH-01,1,0.0,29.4,163,5,4,83.7,90,0.22,0.4397,HIGH,RailSync synthetic prototype training data
RS-ML-10892,SMMS,POWER_SUPPLY_FLUCTUATION,CNB-MGS-01,2,0.1,25.9,135,0,1,77.6,180,0.41,0.2449,MEDIUM,RailSync synthetic prototype training data
RS-ML-10893,SMMS,DATA_LOGGER_FAIL,CNB-MGS-01,1,1.4,16.9,19,5,5,68.8,150,0.62,0.4192,HIGH,RailSync synthetic prototype training data
RS-ML-10894,SMMS,EARTH_LEAKAGE,NDLS-HWH-01,4,6.7,29.8,275,0,5,94.0,90,0.73,0.6423,CRITICAL,RailSync synthetic prototype training data
RS-ML-10895,TMS,USFD_MICRO_CRACK,NDLS-CNB-07,3,5.3,3.2,334,1,4,92.0,180,0.57,0.521,HIGH,RailSync synthetic prototype training data
RS-ML-10896,TMS,BALLAST_DEFICIENCY,NDLS-HWH-01,1,0.0,12.6,80,0,3,71.1,90,0.74,0.1888,LOW,RailSync synthetic prototype training data
RS-ML-10897,TDMS,PANTOGRAPH_ENTANGLEMENT_RISK,NDLS-CNB-07,5,10.1,8.2,95,0,1,85.6,150,0.91,0.546,HIGH,RailSync synthetic prototype training data
RS-ML-10898,TMS,FISHPLATE_CRACK,NDLS-CNB-07,3,0.0,8.1,86,1,2,85.2,30,0.17,0.3728,MEDIUM,RailSync synthetic prototype training data
RS-ML-10899,TDMS,MAST_EARTHING_LOOSE,NDLS-HWH-01,2,1.8,28.4,109,1,2,85.1,45,0.13,0.2906,MEDIUM,RailSync synthetic prototype training data
RS-ML-10900,TMS,TURNOUT_WEAR,NDLS-HWH-01,1,0.0,8.4,253,2,3,64.3,90,0.94,0.3805,HIGH,RailSync synthetic prototype training data
RS-ML-10901,TMS,TRACK_TWIST,HWH-MGS-03,3,1.5,14.8,218,1,3,88.9,180,0.9,0.4737,HIGH,RailSync synthetic prototype training data
RS-ML-10902,SMMS,SIGNAL_LAMP_FUSED,NDLS-HWH-01,3,4.6,30.9,244,0,3,42.7,90,0.21,0.4672,HIGH,RailSync synthetic prototype training data
RS-ML-10903,TMS,USFD_MICRO_CRACK,NDLS-HWH-01,1,6.1,30.6,341,0,4,50.1,60,0.72,0.3949,HIGH,RailSync synthetic prototype training data
RS-ML-10904,TDMS,PANTOGRAPH_ENTANGLEMENT_RISK,CNB-MGS-01,5,0.0,4.6,86,0,4,76.6,120,0.61,0.4626,HIGH,RailSync synthetic prototype training data
RS-ML-10905,TMS,USFD_MICRO_CRACK,NDLS-HWH-01,3,0.0,5.9,211,0,5,82.3,60,0.19,0.4259,HIGH,RailSync synthetic prototype training data
RS-ML-10906,TMS,SLEEPER_LOOSENING,NDLS-HWH-01,2,8.0,3.0,246,1,4,47.9,30,0.33,0.4024,HIGH,RailSync synthetic prototype training data
RS-ML-10907,TMS,DRAINAGE_CLEARANCE,CNB-MGS-01,4,6.7,25.6,52,1,2,47.4,60,0.77,0.5074,HIGH,RailSync synthetic prototype training data
RS-ML-10908,TMS,DRAINAGE_CLEARANCE,NDLS-HWH-01,3,0.0,27.4,147,4,2,54.7,120,0.35,0.5439,HIGH,RailSync synthetic prototype training data
RS-ML-10909,SMMS,EARTH_LEAKAGE,CNB-MGS-01,3,0.0,5.4,219,1,1,83.8,180,0.62,0.3838,HIGH,RailSync synthetic prototype training data
RS-ML-10910,TDMS,PANTOGRAPH_ENTANGLEMENT_RISK,NDLS-HWH-01,3,0.0,1.8,124,0,5,68.1,150,0.22,0.3878,HIGH,RailSync synthetic prototype training data
RS-ML-10911,TMS,SLEEPER_LOOSENING,HWH-MGS-03,3,2.5,21.0,63,2,3,59.7,60,0.28,0.3653,MEDIUM,RailSync synthetic prototype training data
RS-ML-10912,TDMS,FEEDER_BREAKER_TRIP,HWH-MGS-03,3,0.0,25.6,178,3,3,65.0,30,0.92,0.5171,HIGH,RailSync synthetic prototype training data
RS-ML-10913,SMMS,INTERLOCKING_CIRCUIT_FAULT,NDLS-HWH-01,4,14.5,11.6,180,0,1,96.5,60,0.41,0.6018,CRITICAL,RailSync synthetic prototype training data
RS-ML-10914,TDMS,ISOLATOR_SWITCH_JAM,NDLS-CNB-07,1,2.6,26.0,11,0,2,72.9,30,0.77,0.1687,LOW,RailSync synthetic prototype training data
RS-ML-10915,TDMS,ISOLATOR_SWITCH_JAM,NDLS-CNB-07,2,0.9,4.3,87,2,2,71.6,180,0.82,0.3345,MEDIUM,RailSync synthetic prototype training data
RS-ML-10916,TMS,BALLAST_DEFICIENCY,CNB-MGS-01,2,0.5,20.1,218,4,3,40.0,120,0.69,0.48,HIGH,RailSync synthetic prototype training data
RS-ML-10917,SMMS,EARTH_LEAKAGE,NDLS-HWH-01,1,0.0,15.9,76,1,2,62.9,60,0.63,0.1844,LOW,RailSync synthetic prototype training data
RS-ML-10918,TMS,SLEEPER_LOOSENING,NDLS-CNB-07,3,4.5,3.1,144,0,5,95.2,60,0.24,0.476,HIGH,RailSync synthetic prototype training data
RS-ML-10919,TMS,DRAINAGE_CLEARANCE,NDLS-HWH-01,2,0.0,20.2,324,1,4,57.5,45,0.54,0.4235,HIGH,RailSync synthetic prototype training data
RS-ML-10920,SMMS,AXLE_COUNTER_RESET,NDLS-HWH-01,3,0.1,28.8,177,4,3,46.6,240,0.43,0.537,HIGH,RailSync synthetic prototype training data
RS-ML-10921,TDMS,FEEDER_BREAKER_TRIP,CNB-MGS-01,1,1.0,4.4,311,5,4,88.9,180,0.43,0.5299,HIGH,RailSync synthetic prototype training data
RS-ML-10922,SMMS,TRACK_CIRCUIT_DROP,CNB-MGS-01,4,14.3,24.5,171,1,1,40.8,240,0.27,0.5353,HIGH,RailSync synthetic prototype training data
RS-ML-10923,SMMS,INTERLOCKING_CIRCUIT_FAULT,HWH-MGS-03,4,3.9,31.9,195,2,1,75.2,45,0.57,0.5575,HIGH,RailSync synthetic prototype training data
RS-ML-10924,TMS,SLEEPER_LOOSENING,CNB-MGS-01,2,0.0,27.1,312,1,1,60.3,240,0.82,0.3375,MEDIUM,RailSync synthetic prototype training data
RS-ML-10925,TDMS,MAST_EARTHING_LOOSE,NDLS-HWH-01,1,0.0,7.3,325,5,4,86.9,240,0.81,0.4803,HIGH,RailSync synthetic prototype training data
RS-ML-10926,TMS,DRAINAGE_CLEARANCE,CNB-MGS-01,2,0.0,36.7,144,1,4,80.9,120,0.74,0.4312,HIGH,RailSync synthetic prototype training data
RS-ML-10927,TDMS,CONTACT_WIRE_WEAR,HWH-MGS-03,3,1.4,29.8,91,3,5,71.5,90,0.33,0.5312,HIGH,RailSync synthetic prototype training data
RS-ML-10928,TMS,LC_FLANGEWAY_CLEAN,NDLS-HWH-01,3,0.8,12.2,257,2,4,60.5,240,0.86,0.5313,HIGH,RailSync synthetic prototype training data
RS-ML-10929,TMS,TRACK_TWIST,NDLS-CNB-07,4,2.7,34.6,331,1,4,76.2,45,0.23,0.5148,HIGH,RailSync synthetic prototype training data
RS-ML-10930,TMS,TURNOUT_WEAR,HWH-MGS-03,3,0.0,6.0,177,1,4,46.1,120,0.6,0.4382,HIGH,RailSync synthetic prototype training data
RS-ML-10931,TMS,WELD_FRACTURE,NDLS-CNB-07,4,0.0,25.5,143,0,2,54.4,90,0.45,0.4004,HIGH,RailSync synthetic prototype training data
RS-ML-10932,TDMS,PANTOGRAPH_ENTANGLEMENT_RISK,NDLS-HWH-01,4,2.8,36.7,316,1,5,51.2,60,0.81,0.5518,HIGH,RailSync synthetic prototype training data
RS-ML-10933,TDMS,MAST_EARTHING_LOOSE,CNB-MGS-01,3,0.0,37.3,137,1,2,58.7,150,0.12,0.3293,MEDIUM,RailSync synthetic prototype training data
RS-ML-10934,SMMS,RELAY_CHATTER,NDLS-CNB-07,3,2.5,22.2,52,7,4,71.3,45,0.78,0.5382,HIGH,RailSync synthetic prototype training data
RS-ML-10935,SMMS,DATA_LOGGER_FAIL,NDLS-CNB-07,2,3.1,22.0,30,1,1,95.8,60,0.07,0.2475,MEDIUM,RailSync synthetic prototype training data
RS-ML-10936,TMS,DRAINAGE_CLEARANCE,NDLS-HWH-01,3,0.0,18.4,78,0,3,73.3,30,0.69,0.3031,MEDIUM,RailSync synthetic prototype training data
RS-ML-10937,TDMS,MAST_EARTHING_LOOSE,NDLS-CNB-07,3,0.0,12.1,359,2,5,86.7,180,0.18,0.5035,HIGH,RailSync synthetic prototype training data
RS-ML-10938,SMMS,EARTH_LEAKAGE,CNB-MGS-01,3,0.0,36.9,30,2,1,85.3,45,0.6,0.3287,MEDIUM,RailSync synthetic prototype training data
RS-ML-10939,SMMS,SIGNAL_LAMP_FUSED,NDLS-CNB-07,3,0.0,1.6,256,2,1,95.3,180,0.77,0.4468,HIGH,RailSync synthetic prototype training data
RS-ML-10940,TMS,USFD_MICRO_CRACK,NDLS-CNB-07,3,7.4,7.4,162,1,4,45.3,120,0.41,0.504,HIGH,RailSync synthetic prototype training data
RS-ML-10941,SMMS,RELAY_CHATTER,HWH-MGS-03,3,0.0,20.1,13,4,5,43.5,150,0.14,0.5286,HIGH,RailSync synthetic prototype training data
RS-ML-10942,TMS,SEJ_GAP_ABNORMAL,NDLS-HWH-01,1,1.6,14.9,17,3,1,95.9,90,0.62,0.2675,MEDIUM,RailSync synthetic prototype training data
RS-ML-10943,TDMS,CANTILEVER_INSULATOR_FLASH,NDLS-CNB-07,2,0.7,22.0,228,2,2,87.6,240,0.08,0.3875,HIGH,RailSync synthetic prototype training data
RS-ML-10944,TMS,SEJ_GAP_ABNORMAL,NDLS-HWH-01,3,3.1,12.2,152,0,2,92.7,240,0.22,0.418,HIGH,RailSync synthetic prototype training data
RS-ML-10945,TMS,USFD_MICRO_CRACK,HWH-MGS-03,3,0.0,35.9,345,1,3,48.3,240,0.22,0.4784,HIGH,RailSync synthetic prototype training data
RS-ML-10946,TMS,FISHPLATE_CRACK,NDLS-HWH-01,4,0.4,35.0,340,2,5,45.3,150,0.87,0.5796,CRITICAL,RailSync synthetic prototype training data
RS-ML-10947,SMMS,DATA_LOGGER_FAIL,NDLS-CNB-07,2,1.8,5.6,104,0,4,44.8,30,0.49,0.2484,MEDIUM,RailSync synthetic prototype training data
RS-ML-10948,TMS,USFD_MICRO_CRACK,HWH-MGS-03,2,2.6,37.7,150,3,1,51.0,45,0.33,0.3631,MEDIUM,RailSync synthetic prototype training data
RS-ML-10949,SMMS,RELAY_CHATTER,NDLS-HWH-01,2,0.0,2.3,158,1,5,43.1,180,0.71,0.3018,MEDIUM,RailSync synthetic prototype training data
RS-ML-10950,SMMS,AXLE_COUNTER_RESET,CNB-MGS-01,3,7.8,2.2,112,0,3,44.3,90,0.5,0.3511,MEDIUM,RailSync synthetic prototype training data
RS-ML-10951,TMS,BALLAST_DEFICIENCY,NDLS-CNB-07,4,0.0,4.9,151,0,3,97.6,180,0.79,0.4459,HIGH,RailSync synthetic prototype training data
RS-ML-10952,TMS,BALLAST_DEFICIENCY,NDLS-HWH-01,1,1.9,23.0,321,2,5,81.5,120,0.23,0.4716,HIGH,RailSync synthetic prototype training data
RS-ML-10953,TMS,LC_FLANGEWAY_CLEAN,NDLS-HWH-01,2,0.0,16.0,145,3,4,54.8,30,0.61,0.399,HIGH,RailSync synthetic prototype training data
RS-ML-10954,TMS,LC_FLANGEWAY_CLEAN,HWH-MGS-03,1,0.0,26.4,39,2,4,43.9,150,0.2,0.2517,MEDIUM,RailSync synthetic prototype training data
RS-ML-10955,SMMS,CABLE_INSULATION_LOW,CNB-MGS-01,2,1.8,11.2,294,0,2,95.6,240,0.23,0.2646,MEDIUM,RailSync synthetic prototype training data
RS-ML-10956,SMMS,POINT_MACHINE_FAILURE,HWH-MGS-03,4,0.0,4.7,22,3,1,54.1,150,0.44,0.4232,HIGH,RailSync synthetic prototype training data
RS-ML-10957,TMS,SEJ_GAP_ABNORMAL,NDLS-CNB-07,3,1.5,27.7,25,1,3,93.9,150,0.47,0.4354,HIGH,RailSync synthetic prototype training data
RS-ML-10958,TDMS,OHE_DROPPER_SNAP,HWH-MGS-03,4,0.0,36.0,261,0,2,59.6,240,0.07,0.3693,MEDIUM,RailSync synthetic prototype training data
RS-ML-10959,SMMS,TRACK_CIRCUIT_DROP,NDLS-CNB-07,1,0.0,36.7,32,0,5,71.3,60,0.7,0.2593,MEDIUM,RailSync synthetic prototype training data
RS-ML-10960,TMS,WELD_FRACTURE,NDLS-CNB-07,5,5.9,26.2,6,1,5,47.0,90,0.74,0.6224,CRITICAL,RailSync synthetic prototype training data
RS-ML-10961,TMS,USFD_MICRO_CRACK,HWH-MGS-03,2,0.0,23.6,233,4,4,75.8,150,0.93,0.5716,CRITICAL,RailSync synthetic prototype training data
RS-ML-10962,SMMS,POWER_SUPPLY_FLUCTUATION,NDLS-CNB-07,2,0.7,33.5,117,0,4,98.4,60,0.38,0.3956,HIGH,RailSync synthetic prototype training data
RS-ML-10963,TMS,USFD_MICRO_CRACK,HWH-MGS-03,3,0.0,20.8,119,7,3,52.2,180,0.43,0.5463,HIGH,RailSync synthetic prototype training data
RS-ML-10964,TMS,LC_FLANGEWAY_CLEAN,HWH-MGS-03,2,0.5,15.1,189,0,5,52.0,90,0.69,0.295,MEDIUM,RailSync synthetic prototype training data
RS-ML-10965,SMMS,EARTH_LEAKAGE,CNB-MGS-01,4,0.0,21.1,212,1,4,48.3,45,0.54,0.4623,HIGH,RailSync synthetic prototype training data
RS-ML-10966,SMMS,EARTH_LEAKAGE,HWH-MGS-03,1,9.7,8.6,285,4,4,50.5,240,0.07,0.53,HIGH,RailSync synthetic prototype training data
RS-ML-10967,TMS,LC_FLANGEWAY_CLEAN,NDLS-CNB-07,3,0.0,22.1,104,0,2,90.8,60,0.74,0.4048,HIGH,RailSync synthetic prototype training data
RS-ML-10968,SMMS,EARTH_LEAKAGE,NDLS-HWH-01,3,7.1,30.0,46,0,3,89.9,150,0.89,0.4154,HIGH,RailSync synthetic prototype training data
RS-ML-10969,TDMS,NEUTRAL_SECTION_ARCING,NDLS-HWH-01,2,1.4,34.6,301,4,2,56.9,45,0.77,0.5404,HIGH,RailSync synthetic prototype training data
RS-ML-10970,TMS,RAIL_CORRUGATION,NDLS-CNB-07,2,3.5,20.5,319,1,3,80.4,90,0.93,0.4638,HIGH,RailSync synthetic prototype training data
RS-ML-10971,TMS,WELD_FRACTURE,NDLS-CNB-07,5,0.0,18.2,247,0,3,94.5,60,0.45,0.5553,HIGH,RailSync synthetic prototype training data
RS-ML-10972,TMS,USFD_MICRO_CRACK,CNB-MGS-01,3,0.0,37.5,192,0,3,79.6,60,0.15,0.48,HIGH,RailSync synthetic prototype training data
RS-ML-10973,TMS,DRAINAGE_CLEARANCE,CNB-MGS-01,2,2.4,30.2,45,1,5,92.1,180,0.94,0.3949,HIGH,RailSync synthetic prototype training data
RS-ML-10974,TMS,GAUGE_CORRECTION,NDLS-CNB-07,2,0.2,37.3,15,1,2,81.0,120,0.45,0.2873,MEDIUM,RailSync synthetic prototype training data
RS-ML-10975,SMMS,POWER_SUPPLY_FLUCTUATION,NDLS-HWH-01,2,1.3,1.7,322,0,2,92.9,180,0.4,0.3303,MEDIUM,RailSync synthetic prototype training data
RS-ML-10976,SMMS,TRACK_CIRCUIT_DROP,HWH-MGS-03,2,0.0,30.6,220,1,3,82.1,90,0.49,0.3829,HIGH,RailSync synthetic prototype training data
RS-ML-10977,TDMS,CANTILEVER_INSULATOR_FLASH,CNB-MGS-01,3,0.4,34.1,14,3,1,50.4,45,0.19,0.4107,HIGH,RailSync synthetic prototype training data
RS-ML-10978,TDMS,CANTILEVER_INSULATOR_FLASH,NDLS-HWH-01,1,0.6,1.0,177,4,4,76.9,150,0.76,0.4244,HIGH,RailSync synthetic prototype training data
RS-ML-10979,SMMS,SIGNAL_LAMP_FUSED,NDLS-HWH-01,1,0.9,27.4,49,0,1,81.9,180,0.34,0.1687,LOW,RailSync synthetic prototype training data
RS-ML-10980,SMMS,POWER_SUPPLY_FLUCTUATION,NDLS-CNB-07,3,3.1,19.1,98,1,1,65.9,30,0.12,0.3678,MEDIUM,RailSync synthetic prototype training data
RS-ML-10981,TDMS,CATENARY_TENSION_LOW,NDLS-HWH-01,3,0.9,3.3,98,3,4,77.2,120,0.59,0.4576,HIGH,RailSync synthetic prototype training data
RS-ML-10982,SMMS,TRACK_CIRCUIT_DROP,NDLS-CNB-07,2,12.1,31.4,126,1,3,56.5,60,0.11,0.4803,HIGH,RailSync synthetic prototype training data
RS-ML-10983,SMMS,EARTH_LEAKAGE,HWH-MGS-03,1,0.3,29.2,231,0,5,85.1,150,0.68,0.3555,MEDIUM,RailSync synthetic prototype training data
RS-ML-10984,SMMS,INTERLOCKING_CIRCUIT_FAULT,CNB-MGS-01,5,2.4,12.5,186,2,4,58.3,90,0.26,0.6228,CRITICAL,RailSync synthetic prototype training data
RS-ML-10985,TMS,USFD_MICRO_CRACK,CNB-MGS-01,4,2.1,32.2,209,1,2,83.2,180,0.43,0.5818,CRITICAL,RailSync synthetic prototype training data
RS-ML-10986,TMS,RAIL_CORRUGATION,CNB-MGS-01,2,0.0,33.1,79,1,2,48.8,60,0.25,0.3109,MEDIUM,RailSync synthetic prototype training data
RS-ML-10987,TMS,SLEEPER_LOOSENING,NDLS-HWH-01,2,0.0,6.4,284,0,5,82.3,180,0.44,0.3908,HIGH,RailSync synthetic prototype training data
RS-ML-10988,TDMS,FEEDER_BREAKER_TRIP,NDLS-HWH-01,2,0.5,4.5,168,2,5,95.2,90,0.42,0.4429,HIGH,RailSync synthetic prototype training data
RS-ML-10989,TMS,DRAINAGE_CLEARANCE,CNB-MGS-01,3,1.5,16.6,65,1,3,87.2,60,0.38,0.4008,HIGH,RailSync synthetic prototype training data
RS-ML-10990,TDMS,CANTILEVER_INSULATOR_FLASH,NDLS-HWH-01,2,8.4,16.1,110,5,3,77.1,240,0.76,0.5462,HIGH,RailSync synthetic prototype training data
RS-ML-10991,TMS,SLEEPER_LOOSENING,NDLS-CNB-07,4,0.0,29.8,296,6,5,75.6,90,0.49,0.729,CRITICAL,RailSync synthetic prototype training data
RS-ML-10992,SMMS,POINT_MACHINE_FAILURE,CNB-MGS-01,4,0.0,4.1,78,2,4,67.1,120,0.11,0.4266,HIGH,RailSync synthetic prototype training data
RS-ML-10993,TDMS,PANTOGRAPH_ENTANGLEMENT_RISK,CNB-MGS-01,5,0.0,2.7,129,0,3,88.3,240,0.56,0.4767,HIGH,RailSync synthetic prototype training data
RS-ML-10994,TDMS,CONTACT_WIRE_WEAR,HWH-MGS-03,4,0.7,23.2,277,0,5,75.4,120,0.71,0.5221,HIGH,RailSync synthetic prototype training data
RS-ML-10995,TDMS,NEUTRAL_SECTION_ARCING,NDLS-CNB-07,3,0.0,16.4,8,0,3,41.5,180,0.12,0.2023,LOW,RailSync synthetic prototype training data
RS-ML-10996,SMMS,AXLE_COUNTER_RESET,HWH-MGS-03,3,0.0,21.3,307,1,3,66.7,90,0.69,0.4307,HIGH,RailSync synthetic prototype training data
RS-ML-10997,TMS,WELD_FRACTURE,NDLS-HWH-01,3,0.0,12.7,247,1,4,72.2,180,0.63,0.4847,HIGH,RailSync synthetic prototype training data
RS-ML-10998,TMS,FISHPLATE_CRACK,NDLS-HWH-01,3,4.5,12.7,294,0,2,69.1,45,0.18,0.4462,HIGH,RailSync synthetic prototype training data
RS-ML-10999,SMMS,INTERLOCKING_CIRCUIT_FAULT,CNB-MGS-01,5,0.0,13.2,214,0,4,71.9,180,0.63,0.5476,HIGH,RailSync synthetic prototype training data
RS-ML-11000,TMS,RAIL_CORRUGATION,NDLS-HWH-01,3,0.9,17.3,62,3,1,77.7,30,0.1,0.4187,HIGH,RailSync synthetic prototype training data
RS-ML-11001,TMS,SLEEPER_LOOSENING,NDLS-CNB-07,4,0.0,36.3,73,1,4,41.1,120,0.49,0.4346,HIGH,RailSync synthetic prototype training data
RS-ML-11002,SMMS,CABLE_INSULATION_LOW,NDLS-HWH-01,1,1.5,22.6,109,0,1,74.0,150,0.51,0.2059,LOW,RailSync synthetic prototype training data
RS-ML-11003,TMS,WELD_FRACTURE,CNB-MGS-01,4,0.0,14.5,201,0,5,55.0,90,0.34,0.4491,HIGH,RailSync synthetic prototype training data
RS-ML-11004,TMS,TRACK_TWIST,CNB-MGS-01,4,0.8,17.2,336,2,1,42.4,45,0.72,0.5293,HIGH,RailSync synthetic prototype training data
RS-ML-11005,SMMS,TRACK_CIRCUIT_DROP,NDLS-CNB-07,3,0.9,31.2,187,1,3,52.7,30,0.33,0.399,HIGH,RailSync synthetic prototype training data
RS-ML-11006,TMS,RAIL_CORRUGATION,CNB-MGS-01,1,1.7,36.0,201,2,2,93.9,240,0.55,0.3793,MEDIUM,RailSync synthetic prototype training data
RS-ML-11007,TDMS,CATENARY_TENSION_LOW,NDLS-HWH-01,3,10.3,33.7,18,2,1,57.8,180,0.71,0.5529,HIGH,RailSync synthetic prototype training data
RS-ML-11008,TDMS,CANTILEVER_INSULATOR_FLASH,NDLS-HWH-01,2,0.0,24.7,219,2,3,64.4,30,0.32,0.4006,HIGH,RailSync synthetic prototype training data
RS-ML-11009,TMS,USFD_MICRO_CRACK,NDLS-CNB-07,1,9.4,24.4,352,3,2,40.8,45,0.7,0.5005,HIGH,RailSync synthetic prototype training data
RS-ML-11010,SMMS,EARTH_LEAKAGE,CNB-MGS-01,2,0.8,26.9,248,0,4,79.7,30,0.08,0.332,MEDIUM,RailSync synthetic prototype training data
RS-ML-11011,TMS,WELD_FRACTURE,NDLS-HWH-01,5,0.8,36.5,146,2,3,41.4,120,0.92,0.6201,CRITICAL,RailSync synthetic prototype training data
RS-ML-11012,TMS,LC_FLANGEWAY_CLEAN,HWH-MGS-03,3,2.0,37.8,25,4,4,86.3,30,0.31,0.5717,CRITICAL,RailSync synthetic prototype training data
RS-ML-11013,TDMS,ISOLATOR_SWITCH_JAM,NDLS-CNB-07,2,0.0,34.3,285,1,3,63.8,180,0.38,0.3858,HIGH,RailSync synthetic prototype training data
RS-ML-11014,TDMS,NEUTRAL_SECTION_ARCING,NDLS-CNB-07,3,11.4,28.7,256,2,1,75.2,60,0.35,0.5639,CRITICAL,RailSync synthetic prototype training data
RS-ML-11015,TDMS,PANTOGRAPH_ENTANGLEMENT_RISK,NDLS-HWH-01,4,0.0,34.9,323,0,2,89.8,60,0.93,0.521,HIGH,RailSync synthetic prototype training data
RS-ML-11016,TDMS,MAST_EARTHING_LOOSE,NDLS-HWH-01,3,3.0,33.5,259,1,3,94.7,60,0.72,0.4999,HIGH,RailSync synthetic prototype training data
RS-ML-11017,SMMS,RELAY_CHATTER,CNB-MGS-01,2,0.0,15.3,339,3,3,83.9,45,0.25,0.4022,HIGH,RailSync synthetic prototype training data
RS-ML-11018,SMMS,AXLE_COUNTER_RESET,NDLS-CNB-07,3,8.7,34.0,261,3,3,54.1,180,0.32,0.6353,CRITICAL,RailSync synthetic prototype training data
RS-ML-11019,TDMS,CATENARY_TENSION_LOW,NDLS-HWH-01,1,0.3,11.6,109,0,3,66.5,45,0.43,0.2222,MEDIUM,RailSync synthetic prototype training data
RS-ML-11020,TMS,BALLAST_DEFICIENCY,NDLS-HWH-01,3,0.0,11.8,201,1,5,74.5,240,0.62,0.4431,HIGH,RailSync synthetic prototype training data
RS-ML-11021,TDMS,FEEDER_BREAKER_TRIP,CNB-MGS-01,2,0.0,10.1,245,4,5,85.0,180,0.67,0.5111,HIGH,RailSync synthetic prototype training data
RS-ML-11022,SMMS,RELAY_CHATTER,HWH-MGS-03,4,0.0,14.7,252,3,3,71.8,45,0.27,0.5892,CRITICAL,RailSync synthetic prototype training data
RS-ML-11023,TMS,BALLAST_DEFICIENCY,CNB-MGS-01,1,4.3,37.4,20,0,4,52.7,180,0.14,0.2047,LOW,RailSync synthetic prototype training data
RS-ML-11024,SMMS,EARTH_LEAKAGE,NDLS-HWH-01,4,0.0,17.2,260,0,5,62.7,30,0.28,0.5099,HIGH,RailSync synthetic prototype training data
RS-ML-11025,TMS,USFD_MICRO_CRACK,CNB-MGS-01,3,0.0,2.0,310,0,2,96.7,45,0.23,0.4151,HIGH,RailSync synthetic prototype training data
RS-ML-11026,SMMS,POINT_MACHINE_FAILURE,HWH-MGS-03,5,0.0,30.8,93,3,2,53.1,240,0.26,0.4973,HIGH,RailSync synthetic prototype training data
RS-ML-11027,TDMS,CANTILEVER_INSULATOR_FLASH,NDLS-CNB-07,1,1.6,28.3,312,1,4,41.2,150,0.62,0.344,MEDIUM,RailSync synthetic prototype training data
RS-ML-11028,TMS,USFD_MICRO_CRACK,NDLS-HWH-01,2,0.0,21.4,219,0,3,67.8,90,0.87,0.3734,MEDIUM,RailSync synthetic prototype training data
RS-ML-11029,TMS,TURNOUT_WEAR,NDLS-CNB-07,3,0.0,17.2,282,1,1,96.8,60,0.57,0.4361,HIGH,RailSync synthetic prototype training data
RS-ML-11030,TMS,WELD_FRACTURE,NDLS-CNB-07,4,0.0,11.8,203,0,1,46.6,120,0.58,0.4586,HIGH,RailSync synthetic prototype training data
RS-ML-11031,TMS,SLEEPER_LOOSENING,HWH-MGS-03,3,0.0,7.6,246,1,2,62.7,45,0.18,0.4046,HIGH,RailSync synthetic prototype training data
RS-ML-11032,TMS,SEJ_GAP_ABNORMAL,NDLS-CNB-07,3,0.0,3.0,265,7,2,54.5,180,0.81,0.5649,CRITICAL,RailSync synthetic prototype training data
RS-ML-11033,TMS,WELD_FRACTURE,HWH-MGS-03,3,9.3,12.5,205,0,4,66.3,90,0.72,0.5564,HIGH,RailSync synthetic prototype training data
RS-ML-11034,TMS,TURNOUT_WEAR,HWH-MGS-03,3,2.4,28.8,83,0,1,65.3,30,0.43,0.2918,MEDIUM,RailSync synthetic prototype training data
RS-ML-11035,TDMS,OHE_DROPPER_SNAP,CNB-MGS-01,4,1.3,11.0,335,3,5,75.4,120,0.82,0.6242,CRITICAL,RailSync synthetic prototype training data
RS-ML-11036,SMMS,POWER_SUPPLY_FLUCTUATION,HWH-MGS-03,3,3.3,32.0,304,2,5,48.0,150,0.13,0.5095,HIGH,RailSync synthetic prototype training data
RS-ML-11037,SMMS,INTERLOCKING_CIRCUIT_FAULT,CNB-MGS-01,4,0.0,35.5,150,1,3,93.1,90,0.36,0.4973,HIGH,RailSync synthetic prototype training data
RS-ML-11038,TMS,FISHPLATE_CRACK,HWH-MGS-03,2,7.7,22.9,345,2,2,86.9,120,0.22,0.502,HIGH,RailSync synthetic prototype training data
RS-ML-11039,SMMS,SIGNAL_LAMP_FUSED,HWH-MGS-03,2,0.0,7.0,152,2,3,50.7,240,0.39,0.2864,MEDIUM,RailSync synthetic prototype training data
RS-ML-11040,TMS,LC_FLANGEWAY_CLEAN,CNB-MGS-01,4,1.0,17.7,177,0,4,87.6,180,0.05,0.5048,HIGH,RailSync synthetic prototype training data
RS-ML-11041,TDMS,FEEDER_BREAKER_TRIP,CNB-MGS-01,2,14.0,16.3,139,0,5,46.3,180,0.4,0.5261,HIGH,RailSync synthetic prototype training data
RS-ML-11042,TMS,RAIL_CORRUGATION,NDLS-HWH-01,2,0.0,30.5,30,0,1,72.1,120,0.16,0.249,MEDIUM,RailSync synthetic prototype training data
RS-ML-11043,TMS,WELD_FRACTURE,NDLS-HWH-01,3,0.0,13.2,322,2,2,53.5,120,0.89,0.5025,HIGH,RailSync synthetic prototype training data
RS-ML-11044,TMS,SLEEPER_LOOSENING,NDLS-CNB-07,1,1.7,22.4,115,0,5,76.1,60,0.13,0.275,MEDIUM,RailSync synthetic prototype training data
RS-ML-11045,TMS,USFD_MICRO_CRACK,NDLS-HWH-01,1,7.8,32.2,116,0,2,56.3,30,0.26,0.2148,LOW,RailSync synthetic prototype training data
RS-ML-11046,TMS,TURNOUT_WEAR,HWH-MGS-03,2,0.6,9.2,44,1,4,89.8,180,0.07,0.3114,MEDIUM,RailSync synthetic prototype training data
RS-ML-11047,SMMS,CABLE_INSULATION_LOW,CNB-MGS-01,2,0.8,19.2,318,1,2,81.2,180,0.2,0.3402,MEDIUM,RailSync synthetic prototype training data
RS-ML-11048,TMS,SLEEPER_LOOSENING,CNB-MGS-01,2,0.0,10.8,151,4,4,96.2,90,0.63,0.5552,HIGH,RailSync synthetic prototype training data
RS-ML-11049,TMS,TURNOUT_WEAR,CNB-MGS-01,2,0.3,1.3,226,2,3,60.4,120,0.38,0.4116,HIGH,RailSync synthetic prototype training data
RS-ML-11050,TDMS,FEEDER_BREAKER_TRIP,NDLS-CNB-07,1,0.8,32.5,333,1,1,97.3,150,0.09,0.299,MEDIUM,RailSync synthetic prototype training data
RS-ML-11051,TMS,TURNOUT_WEAR,NDLS-HWH-01,2,0.0,20.2,133,1,4,56.3,60,0.26,0.3826,HIGH,RailSync synthetic prototype training data
RS-ML-11052,TMS,SEJ_GAP_ABNORMAL,NDLS-HWH-01,1,7.2,4.0,29,1,2,56.9,240,0.9,0.3014,MEDIUM,RailSync synthetic prototype training data
RS-ML-11053,TDMS,CATENARY_TENSION_LOW,NDLS-HWH-01,1,2.8,4.3,94,1,3,82.3,60,0.53,0.2437,MEDIUM,RailSync synthetic prototype training data
RS-ML-11054,TMS,WELD_FRACTURE,CNB-MGS-01,5,7.9,29.2,265,3,4,47.9,30,0.47,0.7922,CRITICAL,RailSync synthetic prototype training data
RS-ML-11055,SMMS,RELAY_CHATTER,CNB-MGS-01,2,0.0,17.6,59,2,5,84.1,45,0.93,0.3788,MEDIUM,RailSync synthetic prototype training data
RS-ML-11056,TMS,GAUGE_CORRECTION,HWH-MGS-03,2,7.7,18.9,205,1,4,96.3,150,0.76,0.4839,HIGH,RailSync synthetic prototype training data
RS-ML-11057,TMS,GAUGE_CORRECTION,HWH-MGS-03,1,0.0,32.7,67,3,5,98.2,120,0.15,0.3633,MEDIUM,RailSync synthetic prototype training data
RS-ML-11058,TDMS,MAST_EARTHING_LOOSE,HWH-MGS-03,2,0.0,1.4,252,0,4,85.3,60,0.45,0.2919,MEDIUM,RailSync synthetic prototype training data
RS-ML-11059,TMS,GAUGE_CORRECTION,HWH-MGS-03,1,0.0,1.1,119,4,4,67.3,240,0.38,0.35,MEDIUM,RailSync synthetic prototype training data
RS-ML-11060,TMS,RAIL_CORRUGATION,HWH-MGS-03,4,1.2,9.7,77,4,1,60.5,180,0.85,0.5425,HIGH,RailSync synthetic prototype training data
RS-ML-11061,TMS,SEJ_GAP_ABNORMAL,HWH-MGS-03,1,0.0,37.3,248,0,3,93.9,60,0.06,0.3048,MEDIUM,RailSync synthetic prototype training data
RS-ML-11062,TMS,LC_FLANGEWAY_CLEAN,CNB-MGS-01,1,0.0,19.6,325,1,4,59.5,240,0.36,0.3187,MEDIUM,RailSync synthetic prototype training data
RS-ML-11063,TDMS,CANTILEVER_INSULATOR_FLASH,HWH-MGS-03,3,4.6,16.8,266,0,5,69.6,60,0.89,0.5297,HIGH,RailSync synthetic prototype training data
RS-ML-11064,TMS,DRAINAGE_CLEARANCE,HWH-MGS-03,3,0.3,24.3,76,0,4,56.1,90,0.09,0.3086,MEDIUM,RailSync synthetic prototype training data
RS-ML-11065,TMS,TURNOUT_WEAR,NDLS-CNB-07,2,16.3,31.5,80,1,2,40.0,45,0.2,0.5146,HIGH,RailSync synthetic prototype training data
RS-ML-11066,TMS,LC_FLANGEWAY_CLEAN,HWH-MGS-03,3,0.3,8.7,87,5,4,87.5,150,0.61,0.6342,CRITICAL,RailSync synthetic prototype training data
RS-ML-11067,TDMS,NEUTRAL_SECTION_ARCING,CNB-MGS-01,3,3.1,12.7,82,2,3,87.2,90,0.25,0.4189,HIGH,RailSync synthetic prototype training data
RS-ML-11068,TMS,USFD_MICRO_CRACK,CNB-MGS-01,2,0.2,19.6,258,6,5,57.6,120,0.15,0.5799,CRITICAL,RailSync synthetic prototype training data
RS-ML-11069,TDMS,CATENARY_TENSION_LOW,HWH-MGS-03,4,0.0,35.2,360,1,4,64.5,150,0.32,0.5366,HIGH,RailSync synthetic prototype training data
RS-ML-11070,TMS,TURNOUT_WEAR,HWH-MGS-03,4,0.0,25.4,163,5,4,87.7,60,0.42,0.7137,CRITICAL,RailSync synthetic prototype training data
RS-ML-11071,TMS,GAUGE_CORRECTION,NDLS-CNB-07,2,6.6,37.9,205,1,3,54.2,60,0.35,0.4578,HIGH,RailSync synthetic prototype training data
RS-ML-11072,SMMS,EARTH_LEAKAGE,HWH-MGS-03,3,0.0,4.3,45,3,5,65.1,45,0.89,0.47,HIGH,RailSync synthetic prototype training data
RS-ML-11073,TMS,WELD_FRACTURE,NDLS-HWH-01,4,0.0,1.7,152,7,3,79.0,45,0.09,0.562,CRITICAL,RailSync synthetic prototype training data
RS-ML-11074,TDMS,CONTACT_WIRE_WEAR,NDLS-HWH-01,1,0.7,22.4,23,2,2,92.5,240,0.15,0.194,LOW,RailSync synthetic prototype training data
RS-ML-11075,SMMS,EARTH_LEAKAGE,CNB-MGS-01,1,2.5,17.8,136,0,4,75.5,120,0.08,0.2289,MEDIUM,RailSync synthetic prototype training data
RS-ML-11076,TDMS,PANTOGRAPH_ENTANGLEMENT_RISK,HWH-MGS-03,5,5.9,14.0,263,0,4,87.2,90,0.76,0.664,CRITICAL,RailSync synthetic prototype training data
RS-ML-11077,TMS,USFD_MICRO_CRACK,NDLS-CNB-07,3,0.0,1.9,33,1,1,98.4,60,0.18,0.2699,MEDIUM,RailSync synthetic prototype training data
RS-ML-11078,TMS,FISHPLATE_CRACK,CNB-MGS-01,2,3.9,27.4,225,1,5,82.7,120,0.89,0.5276,HIGH,RailSync synthetic prototype training data
RS-ML-11079,TMS,RAIL_CORRUGATION,HWH-MGS-03,1,1.7,3.0,19,3,4,67.1,180,0.76,0.3631,MEDIUM,RailSync synthetic prototype training data
RS-ML-11080,TDMS,FEEDER_BREAKER_TRIP,NDLS-CNB-07,3,4.9,28.4,219,2,2,40.4,60,0.91,0.474,HIGH,RailSync synthetic prototype training data
RS-ML-11081,TDMS,PANTOGRAPH_ENTANGLEMENT_RISK,NDLS-HWH-01,5,0.0,9.5,312,1,2,82.2,180,0.08,0.5356,HIGH,RailSync synthetic prototype training data
RS-ML-11082,TMS,FISHPLATE_CRACK,CNB-MGS-01,3,12.2,14.5,4,0,2,52.3,150,0.66,0.4533,HIGH,RailSync synthetic prototype training data
RS-ML-11083,TMS,BALLAST_DEFICIENCY,NDLS-CNB-07,2,2.8,36.1,23,1,5,98.3,240,0.09,0.3518,MEDIUM,RailSync synthetic prototype training data
RS-ML-11084,TMS,BALLAST_DEFICIENCY,NDLS-HWH-01,2,0.9,33.4,240,4,3,88.8,90,0.45,0.5461,HIGH,RailSync synthetic prototype training data
RS-ML-11085,TMS,SLEEPER_LOOSENING,CNB-MGS-01,2,2.1,0.7,120,0,4,40.1,30,0.91,0.3499,MEDIUM,RailSync synthetic prototype training data
RS-ML-11086,TDMS,NEUTRAL_SECTION_ARCING,HWH-MGS-03,1,3.8,33.1,330,3,4,97.8,90,0.53,0.4452,HIGH,RailSync synthetic prototype training data
RS-ML-11087,TDMS,MAST_EARTHING_LOOSE,CNB-MGS-01,1,0.0,25.1,10,2,2,95.4,30,0.14,0.2019,LOW,RailSync synthetic prototype training data
RS-ML-11088,TDMS,NEUTRAL_SECTION_ARCING,NDLS-CNB-07,3,4.6,25.7,215,0,3,45.7,120,0.33,0.3745,MEDIUM,RailSync synthetic prototype training data
RS-ML-11089,TMS,RAIL_CORRUGATION,NDLS-HWH-01,3,5.0,0.6,125,0,3,96.5,45,0.74,0.4311,HIGH,RailSync synthetic prototype training data
RS-ML-11090,TMS,SEJ_GAP_ABNORMAL,HWH-MGS-03,2,0.0,18.5,317,0,1,60.7,180,0.78,0.296,MEDIUM,RailSync synthetic prototype training data
RS-ML-11091,TMS,TURNOUT_WEAR,NDLS-HWH-01,4,2.7,6.6,178,0,4,98.0,150,0.08,0.4926,HIGH,RailSync synthetic prototype training data
RS-ML-11092,TDMS,MAST_EARTHING_LOOSE,NDLS-HWH-01,3,0.0,29.6,209,0,4,85.2,45,0.93,0.4413,HIGH,RailSync synthetic prototype training data
RS-ML-11093,TDMS,FEEDER_BREAKER_TRIP,HWH-MGS-03,2,0.0,24.6,104,4,2,40.2,150,0.07,0.2946,MEDIUM,RailSync synthetic prototype training data
RS-ML-11094,SMMS,RELAY_CHATTER,CNB-MGS-01,2,0.0,31.9,164,4,1,74.8,45,0.58,0.4031,HIGH,RailSync synthetic prototype training data
RS-ML-11095,SMMS,RELAY_CHATTER,NDLS-HWH-01,3,0.0,1.7,329,0,4,57.2,45,0.1,0.3707,MEDIUM,RailSync synthetic prototype training data
RS-ML-11096,TMS,RAIL_CORRUGATION,CNB-MGS-01,3,0.3,38.0,146,0,5,61.3,240,0.33,0.4202,HIGH,RailSync synthetic prototype training data
RS-ML-11097,TDMS,CONTACT_WIRE_WEAR,NDLS-CNB-07,3,1.6,33.1,271,2,1,97.0,150,0.34,0.4921,HIGH,RailSync synthetic prototype training data
RS-ML-11098,TMS,TURNOUT_WEAR,NDLS-CNB-07,2,2.8,3.5,28,0,5,93.4,45,0.78,0.3042,MEDIUM,RailSync synthetic prototype training data
RS-ML-11099,SMMS,TRACK_CIRCUIT_DROP,CNB-MGS-01,1,0.3,15.6,23,0,3,55.7,30,0.17,0.1171,LOW,RailSync synthetic prototype training data
RS-ML-11100,TMS,TURNOUT_WEAR,NDLS-HWH-01,1,0.4,18.4,243,3,2,74.6,90,0.12,0.4,HIGH,RailSync synthetic prototype training data
RS-ML-11101,SMMS,INTERLOCKING_CIRCUIT_FAULT,NDLS-HWH-01,4,7.0,27.8,67,0,5,54.0,180,0.05,0.5176,HIGH,RailSync synthetic prototype training data
RS-ML-11102,SMMS,TRACK_CIRCUIT_DROP,NDLS-CNB-07,2,0.7,9.4,223,0,5,57.1,60,0.41,0.2893,MEDIUM,RailSync synthetic prototype training data
RS-ML-11103,TMS,SLEEPER_LOOSENING,NDLS-HWH-01,3,1.8,10.1,312,1,2,83.7,60,0.57,0.4324,HIGH,RailSync synthetic prototype training data
RS-ML-11104,TDMS,CANTILEVER_INSULATOR_FLASH,NDLS-CNB-07,1,4.0,2.0,130,2,2,96.5,120,0.91,0.302,MEDIUM,RailSync synthetic prototype training data
RS-ML-11105,SMMS,POINT_MACHINE_FAILURE,HWH-MGS-03,3,0.5,8.2,76,0,3,59.0,180,0.39,0.2735,MEDIUM,RailSync synthetic prototype training data
RS-ML-11106,SMMS,TRACK_CIRCUIT_DROP,HWH-MGS-03,3,0.0,32.7,77,0,2,68.7,120,0.44,0.3097,MEDIUM,RailSync synthetic prototype training data
RS-ML-11107,TMS,WELD_FRACTURE,HWH-MGS-03,4,0.0,8.1,59,4,3,50.4,30,0.48,0.551,HIGH,RailSync synthetic prototype training data
RS-ML-11108,TDMS,CANTILEVER_INSULATOR_FLASH,HWH-MGS-03,2,6.4,24.7,233,0,4,55.8,240,0.25,0.4076,HIGH,RailSync synthetic prototype training data
RS-ML-11109,TMS,USFD_MICRO_CRACK,HWH-MGS-03,1,0.0,36.1,263,2,3,82.2,120,0.67,0.4077,HIGH,RailSync synthetic prototype training data
RS-ML-11110,TMS,DRAINAGE_CLEARANCE,CNB-MGS-01,3,0.0,1.3,293,5,3,54.7,90,0.73,0.5741,CRITICAL,RailSync synthetic prototype training data
RS-ML-11111,SMMS,DATA_LOGGER_FAIL,NDLS-CNB-07,3,0.0,37.2,4,0,5,64.6,150,0.05,0.2823,MEDIUM,RailSync synthetic prototype training data
RS-ML-11112,TMS,TRACK_TWIST,CNB-MGS-01,5,3.5,16.4,359,3,5,73.1,150,0.14,0.7161,CRITICAL,RailSync synthetic prototype training data
RS-ML-11113,TMS,WELD_FRACTURE,CNB-MGS-01,4,0.0,29.0,275,0,5,41.0,45,0.14,0.4927,HIGH,RailSync synthetic prototype training data
RS-ML-11114,TDMS,CATENARY_TENSION_LOW,HWH-MGS-03,3,0.4,8.2,214,1,5,65.8,60,0.25,0.4371,HIGH,RailSync synthetic prototype training data
RS-ML-11115,TMS,WELD_FRACTURE,HWH-MGS-03,3,0.3,11.0,304,4,2,75.8,45,0.77,0.6001,CRITICAL,RailSync synthetic prototype training data
RS-ML-11116,TDMS,ISOLATOR_SWITCH_JAM,NDLS-CNB-07,1,4.6,26.3,280,0,4,87.8,90,0.77,0.3888,HIGH,RailSync synthetic prototype training data
RS-ML-11117,SMMS,SIGNAL_LAMP_FUSED,CNB-MGS-01,1,0.6,26.6,185,3,1,97.4,30,0.65,0.3644,MEDIUM,RailSync synthetic prototype training data
RS-ML-11118,TMS,RAIL_CORRUGATION,NDLS-CNB-07,3,0.0,28.0,103,3,3,67.0,240,0.25,0.476,HIGH,RailSync synthetic prototype training data
RS-ML-11119,TDMS,CATENARY_TENSION_LOW,CNB-MGS-01,3,4.1,33.5,156,3,2,67.7,30,0.2,0.5115,HIGH,RailSync synthetic prototype training data
RS-ML-11120,TMS,RAIL_CORRUGATION,HWH-MGS-03,1,2.0,29.2,111,0,2,55.6,150,0.85,0.3024,MEDIUM,RailSync synthetic prototype training data
RS-ML-11121,SMMS,EARTH_LEAKAGE,NDLS-CNB-07,4,1.3,16.4,315,3,5,52.5,30,0.23,0.6922,CRITICAL,RailSync synthetic prototype training data
RS-ML-11122,TMS,SEJ_GAP_ABNORMAL,HWH-MGS-03,4,0.0,33.3,62,3,1,53.4,45,0.55,0.4443,HIGH,RailSync synthetic prototype training data
RS-ML-11123,SMMS,AXLE_COUNTER_RESET,NDLS-HWH-01,2,0.0,20.7,121,3,1,69.7,45,0.27,0.3713,MEDIUM,RailSync synthetic prototype training data
RS-ML-11124,SMMS,RELAY_CHATTER,NDLS-HWH-01,2,0.0,13.0,72,3,4,89.7,90,0.18,0.3975,HIGH,RailSync synthetic prototype training data
RS-ML-11125,TMS,RAIL_CORRUGATION,HWH-MGS-03,1,2.2,27.5,282,0,3,98.1,150,0.08,0.2897,MEDIUM,RailSync synthetic prototype training data
RS-ML-11126,TDMS,OHE_DROPPER_SNAP,NDLS-HWH-01,5,5.8,27.6,45,0,5,44.7,90,0.48,0.5313,HIGH,RailSync synthetic prototype training data
RS-ML-11127,TDMS,CONTACT_WIRE_WEAR,NDLS-HWH-01,3,0.0,28.6,312,0,3,58.3,45,0.77,0.3722,MEDIUM,RailSync synthetic prototype training data
RS-ML-11128,SMMS,TRACK_CIRCUIT_DROP,CNB-MGS-01,2,2.3,3.7,78,2,4,70.5,45,0.19,0.3594,MEDIUM,RailSync synthetic prototype training data
RS-ML-11129,SMMS,POINT_MACHINE_FAILURE,CNB-MGS-01,4,0.0,2.0,225,1,1,40.2,120,0.85,0.4006,HIGH,RailSync synthetic prototype training data
RS-ML-11130,TMS,DRAINAGE_CLEARANCE,CNB-MGS-01,1,2.9,27.6,143,1,2,64.2,120,0.51,0.3318,MEDIUM,RailSync synthetic prototype training data
RS-ML-11131,TMS,GAUGE_CORRECTION,NDLS-CNB-07,3,0.0,14.6,24,1,4,43.1,90,0.27,0.3252,MEDIUM,RailSync synthetic prototype training data
RS-ML-11132,SMMS,EARTH_LEAKAGE,HWH-MGS-03,3,10.7,30.0,11,3,5,50.8,45,0.1,0.5785,CRITICAL,RailSync synthetic prototype training data
RS-ML-11133,TDMS,NEUTRAL_SECTION_ARCING,NDLS-HWH-01,3,11.5,34.8,5,0,2,72.0,240,0.5,0.3557,MEDIUM,RailSync synthetic prototype training data
RS-ML-11134,TDMS,ISOLATOR_SWITCH_JAM,NDLS-CNB-07,2,0.0,29.1,273,2,2,49.1,45,0.18,0.3229,MEDIUM,RailSync synthetic prototype training data
RS-ML-11135,SMMS,DATA_LOGGER_FAIL,CNB-MGS-01,2,0.5,6.4,127,4,5,65.2,45,0.33,0.4812,HIGH,RailSync synthetic prototype training data
RS-ML-11136,TDMS,CANTILEVER_INSULATOR_FLASH,HWH-MGS-03,3,0.6,31.3,152,5,3,84.3,30,0.22,0.5797,CRITICAL,RailSync synthetic prototype training data
RS-ML-11137,TMS,SEJ_GAP_ABNORMAL,NDLS-CNB-07,2,1.3,36.5,14,2,3,90.5,30,0.74,0.3453,MEDIUM,RailSync synthetic prototype training data
RS-ML-11138,SMMS,RELAY_CHATTER,NDLS-CNB-07,2,0.0,19.3,94,3,2,67.2,30,0.66,0.353,MEDIUM,RailSync synthetic prototype training data
RS-ML-11139,SMMS,TRACK_CIRCUIT_DROP,NDLS-CNB-07,1,3.1,8.6,184,0,1,63.1,90,0.78,0.2557,MEDIUM,RailSync synthetic prototype training data
RS-ML-11140,TDMS,CANTILEVER_INSULATOR_FLASH,NDLS-HWH-01,3,2.8,17.6,241,2,5,97.1,90,0.58,0.5605,CRITICAL,RailSync synthetic prototype training data
RS-ML-11141,TMS,BALLAST_DEFICIENCY,CNB-MGS-01,4,10.9,2.0,211,4,5,84.5,240,0.73,0.7995,CRITICAL,RailSync synthetic prototype training data
RS-ML-11142,TMS,BALLAST_DEFICIENCY,NDLS-HWH-01,2,2.6,19.3,211,3,1,40.6,60,0.24,0.4646,HIGH,RailSync synthetic prototype training data
RS-ML-11143,SMMS,RELAY_CHATTER,HWH-MGS-03,1,0.0,5.3,308,1,4,59.5,240,0.29,0.2997,MEDIUM,RailSync synthetic prototype training data
RS-ML-11144,TMS,TURNOUT_WEAR,NDLS-HWH-01,4,1.7,34.5,4,4,5,86.3,60,0.85,0.677,CRITICAL,RailSync synthetic prototype training data
RS-ML-11145,TDMS,ISOLATOR_SWITCH_JAM,CNB-MGS-01,1,6.4,11.5,121,1,5,48.1,180,0.23,0.3356,MEDIUM,RailSync synthetic prototype training data
RS-ML-11146,TDMS,PANTOGRAPH_ENTANGLEMENT_RISK,NDLS-CNB-07,4,0.0,19.5,40,0,3,64.5,45,0.28,0.3862,HIGH,RailSync synthetic prototype training data
RS-ML-11147,SMMS,AXLE_COUNTER_RESET,HWH-MGS-03,4,1.4,2.1,190,2,4,94.7,180,0.44,0.5686,CRITICAL,RailSync synthetic prototype training data
RS-ML-11148,TDMS,OHE_DROPPER_SNAP,NDLS-HWH-01,3,7.3,5.3,12,5,1,70.4,90,0.38,0.473,HIGH,RailSync synthetic prototype training data
RS-ML-11149,TDMS,OHE_DROPPER_SNAP,HWH-MGS-03,3,0.0,17.6,167,5,2,84.9,120,0.86,0.588,CRITICAL,RailSync synthetic prototype training data
RS-ML-11150,TMS,BALLAST_DEFICIENCY,NDLS-CNB-07,2,2.9,4.6,323,3,2,76.3,120,0.31,0.4843,HIGH,RailSync synthetic prototype training data
RS-ML-11151,TMS,SEJ_GAP_ABNORMAL,NDLS-HWH-01,3,0.0,37.4,102,0,5,83.1,60,0.42,0.4184,HIGH,RailSync synthetic prototype training data
RS-ML-11152,TMS,DRAINAGE_CLEARANCE,CNB-MGS-01,3,4.1,5.2,55,2,5,88.1,150,0.94,0.5122,HIGH,RailSync synthetic prototype training data
RS-ML-11153,TMS,TURNOUT_WEAR,NDLS-CNB-07,4,0.6,27.3,234,7,5,81.3,180,0.74,0.7568,CRITICAL,RailSync synthetic prototype training data
RS-ML-11154,SMMS,CABLE_INSULATION_LOW,CNB-MGS-01,3,5.0,24.6,310,2,4,45.2,120,0.18,0.5375,HIGH,RailSync synthetic prototype training data
RS-ML-11155,SMMS,EARTH_LEAKAGE,NDLS-CNB-07,1,1.3,21.7,153,0,5,86.3,90,0.91,0.2835,MEDIUM,RailSync synthetic prototype training data
RS-ML-11156,TDMS,CANTILEVER_INSULATOR_FLASH,NDLS-CNB-07,3,0.0,30.8,117,0,4,63.6,30,0.42,0.3233,MEDIUM,RailSync synthetic prototype training data
RS-ML-11157,SMMS,CABLE_INSULATION_LOW,NDLS-HWH-01,2,0.0,16.2,18,2,2,58.1,90,0.52,0.1818,LOW,RailSync synthetic prototype training data
RS-ML-11158,TMS,DRAINAGE_CLEARANCE,CNB-MGS-01,3,5.0,34.2,269,0,3,88.4,150,0.91,0.5523,HIGH,RailSync synthetic prototype training data
RS-ML-11159,TMS,LC_FLANGEWAY_CLEAN,HWH-MGS-03,2,2.8,21.1,78,1,2,65.4,120,0.13,0.2985,MEDIUM,RailSync synthetic prototype training data
RS-ML-11160,SMMS,EARTH_LEAKAGE,HWH-MGS-03,2,1.9,24.1,113,0,2,84.8,150,0.56,0.3485,MEDIUM,RailSync synthetic prototype training data
RS-ML-11161,TMS,SLEEPER_LOOSENING,CNB-MGS-01,2,0.0,6.1,303,3,5,55.9,30,0.82,0.4934,HIGH,RailSync synthetic prototype training data
RS-ML-11162,TDMS,PANTOGRAPH_ENTANGLEMENT_RISK,HWH-MGS-03,5,1.7,0.5,344,4,4,43.7,30,0.16,0.6836,CRITICAL,RailSync synthetic prototype training data
RS-ML-11163,TMS,TRACK_TWIST,NDLS-CNB-07,5,0.0,13.1,16,0,5,43.3,120,0.12,0.4199,HIGH,RailSync synthetic prototype training data
RS-ML-11164,SMMS,INTERLOCKING_CIRCUIT_FAULT,CNB-MGS-01,3,7.2,15.8,93,4,4,77.6,60,0.1,0.5525,HIGH,RailSync synthetic prototype training data
RS-ML-11165,TMS,USFD_MICRO_CRACK,HWH-MGS-03,2,7.6,11.1,86,0,4,84.6,180,0.65,0.4381,HIGH,RailSync synthetic prototype training data
RS-ML-11166,SMMS,RELAY_CHATTER,NDLS-HWH-01,2,9.0,4.0,254,2,1,97.4,45,0.74,0.5075,HIGH,RailSync synthetic prototype training data
RS-ML-11167,SMMS,DATA_LOGGER_FAIL,CNB-MGS-01,1,0.0,7.8,106,1,2,95.8,150,0.37,0.2571,MEDIUM,RailSync synthetic prototype training data
RS-ML-11168,TDMS,CATENARY_TENSION_LOW,CNB-MGS-01,4,0.0,15.5,242,1,1,52.0,60,0.66,0.4552,HIGH,RailSync synthetic prototype training data
RS-ML-11169,TMS,SLEEPER_LOOSENING,HWH-MGS-03,1,2.8,19.7,345,0,3,62.0,90,0.25,0.3136,MEDIUM,RailSync synthetic prototype training data
RS-ML-11170,TMS,DRAINAGE_CLEARANCE,CNB-MGS-01,2,0.0,22.7,89,4,2,90.6,120,0.51,0.4572,HIGH,RailSync synthetic prototype training data
RS-ML-11171,TMS,WELD_FRACTURE,NDLS-CNB-07,4,9.2,26.1,55,1,4,83.3,240,0.65,0.597,CRITICAL,RailSync synthetic prototype training data
RS-ML-11172,TMS,RAIL_CORRUGATION,NDLS-HWH-01,1,3.1,6.6,50,4,2,46.0,90,0.28,0.3515,MEDIUM,RailSync synthetic prototype training data
RS-ML-11173,SMMS,RELAY_CHATTER,HWH-MGS-03,3,6.1,26.3,227,0,5,54.2,45,0.81,0.5063,HIGH,RailSync synthetic prototype training data
RS-ML-11174,TMS,DRAINAGE_CLEARANCE,CNB-MGS-01,2,0.1,13.2,296,3,5,71.9,180,0.41,0.5187,HIGH,RailSync synthetic prototype training data
RS-ML-11175,SMMS,POINT_MACHINE_FAILURE,HWH-MGS-03,5,6.9,19.1,210,1,1,61.4,30,0.39,0.5818,CRITICAL,RailSync synthetic prototype training data
RS-ML-11176,TMS,DRAINAGE_CLEARANCE,NDLS-CNB-07,1,0.0,24.1,170,2,4,79.7,150,0.06,0.302,MEDIUM,RailSync synthetic prototype training data
RS-ML-11177,TDMS,NEUTRAL_SECTION_ARCING,HWH-MGS-03,2,0.3,28.0,270,2,5,48.1,180,0.92,0.5354,HIGH,RailSync synthetic prototype training data
RS-ML-11178,TDMS,OHE_DROPPER_SNAP,CNB-MGS-01,4,0.1,23.9,280,0,2,47.4,30,0.82,0.4566,HIGH,RailSync synthetic prototype training data
RS-ML-11179,SMMS,SIGNAL_LAMP_FUSED,HWH-MGS-03,4,3.7,22.9,357,0,3,91.6,150,0.81,0.4829,HIGH,RailSync synthetic prototype training data
RS-ML-11180,SMMS,DATA_LOGGER_FAIL,NDLS-HWH-01,3,11.5,11.1,234,2,1,80.7,240,0.13,0.5854,CRITICAL,RailSync synthetic prototype training data
RS-ML-11181,SMMS,POWER_SUPPLY_FLUCTUATION,HWH-MGS-03,2,2.1,20.7,339,0,4,85.6,45,0.7,0.3983,HIGH,RailSync synthetic prototype training data
RS-ML-11182,SMMS,POWER_SUPPLY_FLUCTUATION,HWH-MGS-03,3,8.6,19.0,280,0,5,69.1,60,0.8,0.5883,CRITICAL,RailSync synthetic prototype training data
RS-ML-11183,TMS,LC_FLANGEWAY_CLEAN,NDLS-HWH-01,3,0.0,20.5,351,1,2,79.9,90,0.38,0.4708,HIGH,RailSync synthetic prototype training data
RS-ML-11184,SMMS,POINT_MACHINE_FAILURE,CNB-MGS-01,5,0.1,15.1,320,0,1,49.8,60,0.75,0.4615,HIGH,RailSync synthetic prototype training data
RS-ML-11185,TMS,SEJ_GAP_ABNORMAL,HWH-MGS-03,2,1.2,15.3,74,1,2,77.1,60,0.67,0.3414,MEDIUM,RailSync synthetic prototype training data
RS-ML-11186,SMMS,TRACK_CIRCUIT_DROP,HWH-MGS-03,3,3.0,8.8,102,1,1,59.9,60,0.28,0.3077,MEDIUM,RailSync synthetic prototype training data
RS-ML-11187,TMS,FISHPLATE_CRACK,HWH-MGS-03,1,1.8,35.9,202,0,5,53.0,90,0.36,0.2688,MEDIUM,RailSync synthetic prototype training data
RS-ML-11188,SMMS,RELAY_CHATTER,NDLS-HWH-01,1,1.6,37.7,261,0,1,95.7,240,0.52,0.37,MEDIUM,RailSync synthetic prototype training data
RS-ML-11189,SMMS,POINT_MACHINE_FAILURE,CNB-MGS-01,5,0.0,29.5,150,3,2,57.9,45,0.84,0.5819,CRITICAL,RailSync synthetic prototype training data
RS-ML-11190,TDMS,CANTILEVER_INSULATOR_FLASH,NDLS-HWH-01,4,4.3,23.0,87,0,5,53.8,30,0.13,0.4231,HIGH,RailSync synthetic prototype training data
RS-ML-11191,TMS,GAUGE_CORRECTION,HWH-MGS-03,1,1.6,31.5,106,0,2,87.8,240,0.71,0.2889,MEDIUM,RailSync synthetic prototype training data
RS-ML-11192,TDMS,CANTILEVER_INSULATOR_FLASH,NDLS-CNB-07,3,1.1,17.3,165,0,2,80.8,45,0.31,0.3462,MEDIUM,RailSync synthetic prototype training data
RS-ML-11193,TDMS,PANTOGRAPH_ENTANGLEMENT_RISK,HWH-MGS-03,4,2.9,20.3,65,2,5,82.9,60,0.73,0.5368,HIGH,RailSync synthetic prototype training data
RS-ML-11194,TMS,FISHPLATE_CRACK,NDLS-CNB-07,1,0.0,19.8,288,4,2,92.1,150,0.55,0.4987,HIGH,RailSync synthetic prototype training data
RS-ML-11195,TMS,FISHPLATE_CRACK,HWH-MGS-03,3,0.5,17.4,229,0,3,69.8,120,0.54,0.3925,HIGH,RailSync synthetic prototype training data
RS-ML-11196,TMS,TURNOUT_WEAR,HWH-MGS-03,4,1.2,30.4,165,3,5,47.5,45,0.92,0.6466,CRITICAL,RailSync synthetic prototype training data
RS-ML-11197,TMS,RAIL_CORRUGATION,NDLS-HWH-01,3,0.0,2.1,160,1,2,44.3,90,0.17,0.3061,MEDIUM,RailSync synthetic prototype training data
RS-ML-11198,TDMS,CANTILEVER_INSULATOR_FLASH,CNB-MGS-01,3,2.6,3.1,5,0,4,72.5,60,0.66,0.3101,MEDIUM,RailSync synthetic prototype training data
RS-ML-11199,SMMS,EARTH_LEAKAGE,HWH-MGS-03,2,4.1,23.7,254,0,2,64.7,240,0.7,0.401,HIGH,RailSync synthetic prototype training data
